company_id,category_id,description,amount,expense_date,notes,created_by,created_on,status,approved_by
9b267ea3-5970-4160-8b82-afec7599e862,857e6cc6-2ac8-4cea-9342-c4b7bfad3c6e,Asli Transport allowance for organising office License,20000,2025-03-04,Receipt Book A - 1,a11a9785-b5b9-4d7e-906c-9aa44ce9a57f,2025-03-04,approved,a11a9785-b5b9-4d7e-906c-9aa44ce9a57f
9b267ea3-5970-4160-8b82-afec7599e862,857e6cc6-2ac8-4cea-9342-c4b7bfad3c6e,Asli Hassan March salary,40000,2025-04-04,Receipt Book A - 2,a11a9785-b5b9-4d7e-906c-9aa44ce9a57f,2025-04-04,approved,a11a9785-b5b9-4d7e-906c-9aa44ce9a57f
9b267ea3-5970-4160-8b82-afec7599e862,d2fd902e-9647-4051-9d68-118af9471304,office cleaning supplies,12000,2025-04-11,Receipt Book A - 3,a11a9785-b5b9-4d7e-906c-9aa44ce9a57f,2025-04-11,approved,a11a9785-b5b9-4d7e-906c-9aa44ce9a57f
9b267ea3-5970-4160-8b82-afec7599e862,56f08071-8bf4-434b-bc7c-d27dfc784eee,Gypsum board comply industries,149150,2025-04-13,Receipt Book A - 98,a11a9785-b5b9-4d7e-906c-9aa44ce9a57f,2025-04-13,approved,a11a9785-b5b9-4d7e-906c-9aa44ce9a57f
9b267ea3-5970-4160-8b82-afec7599e862,857e6cc6-2ac8-4cea-9342-c4b7bfad3c6e,Ben Kota April Monthly Salary,7000,2025-05-02,Receipt Book A - 4,a11a9785-b5b9-4d7e-906c-9aa44ce9a57f,2025-05-02,approved,a11a9785-b5b9-4d7e-906c-9aa44ce9a57f
9b267ea3-5970-4160-8b82-afec7599e862,857e6cc6-2ac8-4cea-9342-c4b7bfad3c6e,Asli Hassan April salary,40000,2025-05-02,Receipt Book A - 5,a11a9785-b5b9-4d7e-906c-9aa44ce9a57f,2025-05-02,approved,a11a9785-b5b9-4d7e-906c-9aa44ce9a57f
9b267ea3-5970-4160-8b82-afec7599e862,56f08071-8bf4-434b-bc7c-d27dfc784eee,Gypsum board comply industries,9500,2025-05-03,Receipt Book A - 100,a11a9785-b5b9-4d7e-906c-9aa44ce9a57f,2025-05-03,approved,a11a9785-b5b9-4d7e-906c-9aa44ce9a57f
9b267ea3-5970-4160-8b82-afec7599e862,e5213fb5-4d0c-4ff5-b51f-77af154c2651,Staff Breakfast and Lunch,4000,2025-05-05,Receipt Book A - 6,a11a9785-b5b9-4d7e-906c-9aa44ce9a57f,2025-05-05,approved,a11a9785-b5b9-4d7e-906c-9aa44ce9a57f
9b267ea3-5970-4160-8b82-afec7599e862,e5213fb5-4d0c-4ff5-b51f-77af154c2651,Breakfast and Lunch,5000,2025-05-06,Receipt Book A - 7,a11a9785-b5b9-4d7e-906c-9aa44ce9a57f,2025-05-06,approved,a11a9785-b5b9-4d7e-906c-9aa44ce9a57f
9b267ea3-5970-4160-8b82-afec7599e862,e5213fb5-4d0c-4ff5-b51f-77af154c2651,breakfast and Lunch for Fundi,1700,2025-05-07,Receipt Book A - 8,a11a9785-b5b9-4d7e-906c-9aa44ce9a57f,2025-05-07,approved,a11a9785-b5b9-4d7e-906c-9aa44ce9a57f
9b267ea3-5970-4160-8b82-afec7599e862,e5213fb5-4d0c-4ff5-b51f-77af154c2651,Breakfast and lunch,7000,2025-05-15,Receipt Book A - 9,a11a9785-b5b9-4d7e-906c-9aa44ce9a57f,2025-05-15,approved,a11a9785-b5b9-4d7e-906c-9aa44ce9a57f
9b267ea3-5970-4160-8b82-afec7599e862,56f08071-8bf4-434b-bc7c-d27dfc784eee,Plywood comply industries limited,28799,2025-05-15,Receipt Book A - 97,a11a9785-b5b9-4d7e-906c-9aa44ce9a57f,2025-05-15,approved,a11a9785-b5b9-4d7e-906c-9aa44ce9a57f
9b267ea3-5970-4160-8b82-afec7599e862,bc3c5576-05c5-49f6-999b-3a0eabc1d752,Bes Transport,500,2025-05-16,Receipt Book A - 10,a11a9785-b5b9-4d7e-906c-9aa44ce9a57f,2025-05-16,approved,a11a9785-b5b9-4d7e-906c-9aa44ce9a57f
9b267ea3-5970-4160-8b82-afec7599e862,bc3c5576-05c5-49f6-999b-3a0eabc1d752,Bens Transport,500,2025-05-17,Receipt Book A - 11,a11a9785-b5b9-4d7e-906c-9aa44ce9a57f,2025-05-17,approved,a11a9785-b5b9-4d7e-906c-9aa44ce9a57f
9b267ea3-5970-4160-8b82-afec7599e862,e5213fb5-4d0c-4ff5-b51f-77af154c2651,Breakfast and Lunch,1000,2025-05-17,Receipt Book A - 12,a11a9785-b5b9-4d7e-906c-9aa44ce9a57f,2025-05-17,approved,a11a9785-b5b9-4d7e-906c-9aa44ce9a57f
9b267ea3-5970-4160-8b82-afec7599e862,e5213fb5-4d0c-4ff5-b51f-77af154c2651,staff Breakfast and Lunch,680,2025-05-19,Receipt Book A - 13,a11a9785-b5b9-4d7e-906c-9aa44ce9a57f,2025-05-19,approved,a11a9785-b5b9-4d7e-906c-9aa44ce9a57f
9b267ea3-5970-4160-8b82-afec7599e862,857e6cc6-2ac8-4cea-9342-c4b7bfad3c6e,Ben May Monthly salary,20000,2025-05-26,Receipt Book A - 14,a11a9785-b5b9-4d7e-906c-9aa44ce9a57f,2025-05-26,approved,a11a9785-b5b9-4d7e-906c-9aa44ce9a57f
9b267ea3-5970-4160-8b82-afec7599e862,857e6cc6-2ac8-4cea-9342-c4b7bfad3c6e,Asli Hassan May monthly salary,40000,2025-05-26,Receipt Book A - 15,a11a9785-b5b9-4d7e-906c-9aa44ce9a57f,2025-05-26,approved,a11a9785-b5b9-4d7e-906c-9aa44ce9a57f
9b267ea3-5970-4160-8b82-afec7599e862,e5213fb5-4d0c-4ff5-b51f-77af154c2651,Staff Breakfast and Lunch,2500,2025-05-26,Receipt Book A - 16,a11a9785-b5b9-4d7e-906c-9aa44ce9a57f,2025-05-26,approved,a11a9785-b5b9-4d7e-906c-9aa44ce9a57f
9b267ea3-5970-4160-8b82-afec7599e862,d2fd902e-9647-4051-9d68-118af9471304,cleaning Acid,1000,2025-05-30,Receipt Book A - 17,a11a9785-b5b9-4d7e-906c-9aa44ce9a57f,2025-05-30,approved,a11a9785-b5b9-4d7e-906c-9aa44ce9a57f
9b267ea3-5970-4160-8b82-afec7599e862,e5213fb5-4d0c-4ff5-b51f-77af154c2651,Staff Breakfast and Lunch,2240,2025-05-31,Receipt Book A - 18,a11a9785-b5b9-4d7e-906c-9aa44ce9a57f,2025-05-31,approved,a11a9785-b5b9-4d7e-906c-9aa44ce9a57f
9b267ea3-5970-4160-8b82-afec7599e862,3a4aeac8-94a3-47ad-8d27-94d8dce3e1dd,nescopharm reps bag logo,1800,2025-05-31,Receipt Book A - 94,a11a9785-b5b9-4d7e-906c-9aa44ce9a57f,2025-05-31,approved,a11a9785-b5b9-4d7e-906c-9aa44ce9a57f
9b267ea3-5970-4160-8b82-afec7599e862,354f3fa8-c64f-4768-b9c5-bee31598dc7d,Reps bag,6000,2025-05-31,Receipt Book A - 95,a11a9785-b5b9-4d7e-906c-9aa44ce9a57f,2025-05-31,approved,a11a9785-b5b9-4d7e-906c-9aa44ce9a57f
9b267ea3-5970-4160-8b82-afec7599e862,56f08071-8bf4-434b-bc7c-d27dfc784eee,Nine cctv camera,20600,2025-06-04,Receipt Book A - 20,a11a9785-b5b9-4d7e-906c-9aa44ce9a57f,2025-06-04,approved,a11a9785-b5b9-4d7e-906c-9aa44ce9a57f
9b267ea3-5970-4160-8b82-afec7599e862,354f3fa8-c64f-4768-b9c5-bee31598dc7d,Office kitchen items,1266,2025-06-04,Receipt Book A - 99,a11a9785-b5b9-4d7e-906c-9aa44ce9a57f,2025-06-04,approved,a11a9785-b5b9-4d7e-906c-9aa44ce9a57f
9b267ea3-5970-4160-8b82-afec7599e862,d2fd902e-9647-4051-9d68-118af9471304,Detergents and Tissue,1085,2025-06-06,Receipt Book A - 19,a11a9785-b5b9-4d7e-906c-9aa44ce9a57f,2025-06-06,approved,a11a9785-b5b9-4d7e-906c-9aa44ce9a57f
9b267ea3-5970-4160-8b82-afec7599e862,354f3fa8-c64f-4768-b9c5-bee31598dc7d,Admin entrance mat and naphalene balls,1135,2025-06-09,Receipt Book A - 21,a11a9785-b5b9-4d7e-906c-9aa44ce9a57f,2025-06-09,approved,a11a9785-b5b9-4d7e-906c-9aa44ce9a57f
9b267ea3-5970-4160-8b82-afec7599e862,354f3fa8-c64f-4768-b9c5-bee31598dc7d,For Askari cussion,1500,2025-06-11,Receipt Book A - 22,a11a9785-b5b9-4d7e-906c-9aa44ce9a57f,2025-06-11,approved,a11a9785-b5b9-4d7e-906c-9aa44ce9a57f
9b267ea3-5970-4160-8b82-afec7599e862,23504f05-f893-4aae-a9f7-d20275cf5b4e,3box files and Yellowtape,1850,2025-06-11,Receipt Book A - 23,a11a9785-b5b9-4d7e-906c-9aa44ce9a57f,2025-06-11,approved,a11a9785-b5b9-4d7e-906c-9aa44ce9a57f
9b267ea3-5970-4160-8b82-afec7599e862,e5213fb5-4d0c-4ff5-b51f-77af154c2651,staff Breakfast and Lunch,4200,2025-06-12,Receipt Book A - 24,a11a9785-b5b9-4d7e-906c-9aa44ce9a57f,2025-06-12,approved,a11a9785-b5b9-4d7e-906c-9aa44ce9a57f
9b267ea3-5970-4160-8b82-afec7599e862,e5213fb5-4d0c-4ff5-b51f-77af154c2651,Photocopies for Sales team 60*3 copies,1360,2025-06-12,Receipt Book A - 25,a11a9785-b5b9-4d7e-906c-9aa44ce9a57f,2025-06-12,approved,a11a9785-b5b9-4d7e-906c-9aa44ce9a57f
9b267ea3-5970-4160-8b82-afec7599e862,354f3fa8-c64f-4768-b9c5-bee31598dc7d,partly payment for internet andcamera intstallation,5000,2025-06-12,Receipt Book A - 26,a11a9785-b5b9-4d7e-906c-9aa44ce9a57f,2025-06-12,approved,a11a9785-b5b9-4d7e-906c-9aa44ce9a57f
9b267ea3-5970-4160-8b82-afec7599e862,354f3fa8-c64f-4768-b9c5-bee31598dc7d,PPB Invoices three copies product regestration,800,2025-06-12,Receipt Book A - 30,a11a9785-b5b9-4d7e-906c-9aa44ce9a57f,2025-06-12,approved,a11a9785-b5b9-4d7e-906c-9aa44ce9a57f
9b267ea3-5970-4160-8b82-afec7599e862,e5213fb5-4d0c-4ff5-b51f-77af154c2651,staff Breakfast and Lunch,2000,2025-06-16,Receipt Book A - 27,a11a9785-b5b9-4d7e-906c-9aa44ce9a57f,2025-06-16,approved,a11a9785-b5b9-4d7e-906c-9aa44ce9a57f
9b267ea3-5970-4160-8b82-afec7599e862,56f08071-8bf4-434b-bc7c-d27dfc784eee,office furniture (unique furniture),38000,2025-06-18,Receipt Book A - 87,a11a9785-b5b9-4d7e-906c-9aa44ce9a57f,2025-06-18,approved,a11a9785-b5b9-4d7e-906c-9aa44ce9a57f
9b267ea3-5970-4160-8b82-afec7599e862,354f3fa8-c64f-4768-b9c5-bee31598dc7d,sign board for reception and outside premises,32000,2025-06-19,Receipt Book A - 28,a11a9785-b5b9-4d7e-906c-9aa44ce9a57f,2025-06-19,approved,a11a9785-b5b9-4d7e-906c-9aa44ce9a57f
9b267ea3-5970-4160-8b82-afec7599e862,3a4aeac8-94a3-47ad-8d27-94d8dce3e1dd,Designing the logo,3000,2025-06-19,Receipt Book A - 29,a11a9785-b5b9-4d7e-906c-9aa44ce9a57f,2025-06-19,approved,a11a9785-b5b9-4d7e-906c-9aa44ce9a57f
9b267ea3-5970-4160-8b82-afec7599e862,56f08071-8bf4-434b-bc7c-d27dfc784eee,office furniture,81200,2025-06-19,Receipt Book A - 41,a11a9785-b5b9-4d7e-906c-9aa44ce9a57f,2025-06-19,approved,a11a9785-b5b9-4d7e-906c-9aa44ce9a57f
9b267ea3-5970-4160-8b82-afec7599e862,56f08071-8bf4-434b-bc7c-d27dfc784eee,"Two desktop,two laptops,one Ups,one Printer,one unti virus,ms office (Chesir)",572000,2025-06-20,Receipt Book A - 31,a11a9785-b5b9-4d7e-906c-9aa44ce9a57f,2025-06-20,approved,a11a9785-b5b9-4d7e-906c-9aa44ce9a57f
9b267ea3-5970-4160-8b82-afec7599e862,354f3fa8-c64f-4768-b9c5-bee31598dc7d,Webmail truehost,975,2025-06-20,Receipt Book A - 32,a11a9785-b5b9-4d7e-906c-9aa44ce9a57f,2025-06-20,approved,a11a9785-b5b9-4d7e-906c-9aa44ce9a57f
9b267ea3-5970-4160-8b82-afec7599e862,bc3c5576-05c5-49f6-999b-3a0eabc1d752,unique furniture Delivery payment (ref87),1000,2025-06-20,Receipt Book A - 93,a11a9785-b5b9-4d7e-906c-9aa44ce9a57f,2025-06-20,approved,a11a9785-b5b9-4d7e-906c-9aa44ce9a57f
9b267ea3-5970-4160-8b82-afec7599e862,23504f05-f893-4aae-a9f7-d20275cf5b4e,printing and photocopy copies of the daily reports for Reps,1430,2025-06-21,Receipt Book A - 33,a11a9785-b5b9-4d7e-906c-9aa44ce9a57f,2025-06-21,approved,a11a9785-b5b9-4d7e-906c-9aa44ce9a57f
9b267ea3-5970-4160-8b82-afec7599e862,e5213fb5-4d0c-4ff5-b51f-77af154c2651,staff Breakfast and Lunch,6000,2025-06-21,Receipt Book A - 34,a11a9785-b5b9-4d7e-906c-9aa44ce9a57f,2025-06-21,approved,a11a9785-b5b9-4d7e-906c-9aa44ce9a57f
9b267ea3-5970-4160-8b82-afec7599e862,bc3c5576-05c5-49f6-999b-3a0eabc1d752,G4S Courier charges for sending documents to kennedy okonda,456,2025-06-21,Receipt Book A - 35,a11a9785-b5b9-4d7e-906c-9aa44ce9a57f,2025-06-21,approved,a11a9785-b5b9-4d7e-906c-9aa44ce9a57f
9b267ea3-5970-4160-8b82-afec7599e862,3a4aeac8-94a3-47ad-8d27-94d8dce3e1dd,Branding and signage,32000,2025-06-21,Receipt Book A - 36,a11a9785-b5b9-4d7e-906c-9aa44ce9a57f,2025-06-21,approved,a11a9785-b5b9-4d7e-906c-9aa44ce9a57f
9b267ea3-5970-4160-8b82-afec7599e862,354f3fa8-c64f-4768-b9c5-bee31598dc7d,For Designing Board,3000,2025-06-21,Receipt Book A -                       63 ref 36,a11a9785-b5b9-4d7e-906c-9aa44ce9a57f,2025-06-21,approved,a11a9785-b5b9-4d7e-906c-9aa44ce9a57f
9b267ea3-5970-4160-8b82-afec7599e862,d2fd902e-9647-4051-9d68-118af9471304,office cleaners General cleaning,1000,2025-06-23,Receipt Book A - 37,a11a9785-b5b9-4d7e-906c-9aa44ce9a57f,2025-06-23,approved,a11a9785-b5b9-4d7e-906c-9aa44ce9a57f
9b267ea3-5970-4160-8b82-afec7599e862,d2fd902e-9647-4051-9d68-118af9471304,office detergents liquid washing soap,2000,2025-06-23,Receipt Book A - 38,a11a9785-b5b9-4d7e-906c-9aa44ce9a57f,2025-06-23,approved,a11a9785-b5b9-4d7e-906c-9aa44ce9a57f
9b267ea3-5970-4160-8b82-afec7599e862,857e6cc6-2ac8-4cea-9342-c4b7bfad3c6e,accountant mobile airtime (richard),1000,2025-06-23,Receipt Book A - 39,a11a9785-b5b9-4d7e-906c-9aa44ce9a57f,2025-06-23,approved,a11a9785-b5b9-4d7e-906c-9aa44ce9a57f
9b267ea3-5970-4160-8b82-afec7599e862,23504f05-f893-4aae-a9f7-d20275cf5b4e,Office water Dispenser,9260,2025-06-23,Receipt Book A - 42,a11a9785-b5b9-4d7e-906c-9aa44ce9a57f,2025-06-23,approved,a11a9785-b5b9-4d7e-906c-9aa44ce9a57f
9b267ea3-5970-4160-8b82-afec7599e862,23504f05-f893-4aae-a9f7-d20275cf5b4e,"office stationaries,pens,pencils,office file box,pen holders sticky notes.",13100,2025-06-23,Receipt Book A - 43,a11a9785-b5b9-4d7e-906c-9aa44ce9a57f,2025-06-23,approved,a11a9785-b5b9-4d7e-906c-9aa44ce9a57f
9b267ea3-5970-4160-8b82-afec7599e862,354f3fa8-c64f-4768-b9c5-bee31598dc7d,office Incense and matchbox,630,2025-06-23,Receipt Book A - 44,a11a9785-b5b9-4d7e-906c-9aa44ce9a57f,2025-06-23,approved,a11a9785-b5b9-4d7e-906c-9aa44ce9a57f
9b267ea3-5970-4160-8b82-afec7599e862,354f3fa8-c64f-4768-b9c5-bee31598dc7d,office water,1500,2025-06-24,Receipt Book A - 40,a11a9785-b5b9-4d7e-906c-9aa44ce9a57f,2025-06-24,approved,a11a9785-b5b9-4d7e-906c-9aa44ce9a57f
9b267ea3-5970-4160-8b82-afec7599e862,857e6cc6-2ac8-4cea-9342-c4b7bfad3c6e,Rep Allowance for conducting Survey (Eric Mwonyonyo),1000,2025-06-26,Receipt Book A - 45,a11a9785-b5b9-4d7e-906c-9aa44ce9a57f,2025-06-26,approved,a11a9785-b5b9-4d7e-906c-9aa44ce9a57f
9b267ea3-5970-4160-8b82-afec7599e862,857e6cc6-2ac8-4cea-9342-c4b7bfad3c6e,Airtime office calls,200,2025-06-27,Receipt Book A - 46,a11a9785-b5b9-4d7e-906c-9aa44ce9a57f,2025-06-27,approved,a11a9785-b5b9-4d7e-906c-9aa44ce9a57f
9b267ea3-5970-4160-8b82-afec7599e862,bc3c5576-05c5-49f6-999b-3a0eabc1d752,Richard KRA Transport,500,2025-06-27,Receipt Book A - 47,a11a9785-b5b9-4d7e-906c-9aa44ce9a57f,2025-06-27,approved,a11a9785-b5b9-4d7e-906c-9aa44ce9a57f
9b267ea3-5970-4160-8b82-afec7599e862,23504f05-f893-4aae-a9f7-d20275cf5b4e,"Office stationaries,pencils,eraser,cleartape",880,2025-06-27,Receipt Book A - 48,a11a9785-b5b9-4d7e-906c-9aa44ce9a57f,2025-06-27,approved,a11a9785-b5b9-4d7e-906c-9aa44ce9a57f
9b267ea3-5970-4160-8b82-afec7599e862,857e6cc6-2ac8-4cea-9342-c4b7bfad3c6e,Ben Kota June Monthly Salary,20000,2025-06-28,Receipt Book A - 49,a11a9785-b5b9-4d7e-906c-9aa44ce9a57f,2025-06-28,approved,a11a9785-b5b9-4d7e-906c-9aa44ce9a57f
9b267ea3-5970-4160-8b82-afec7599e862,857e6cc6-2ac8-4cea-9342-c4b7bfad3c6e,Asli Hassan June Monthly Salary,40000,2025-06-28,Receipt Book A - 50,a11a9785-b5b9-4d7e-906c-9aa44ce9a57f,2025-06-28,approved,a11a9785-b5b9-4d7e-906c-9aa44ce9a57f
9b267ea3-5970-4160-8b82-afec7599e862,56f08071-8bf4-434b-bc7c-d27dfc784eee,staff locker,20000,2025-06-28,Receipt Book A - 52,a11a9785-b5b9-4d7e-906c-9aa44ce9a57f,2025-06-28,approved,a11a9785-b5b9-4d7e-906c-9aa44ce9a57f
9b267ea3-5970-4160-8b82-afec7599e862,857e6cc6-2ac8-4cea-9342-c4b7bfad3c6e,Airtime office calls for General manager Asli Hassan,2000,2025-06-28,Receipt Book A -                        72Ref40,a11a9785-b5b9-4d7e-906c-9aa44ce9a57f,2025-06-28,approved,a11a9785-b5b9-4d7e-906c-9aa44ce9a57f
9b267ea3-5970-4160-8b82-afec7599e862,bc3c5576-05c5-49f6-999b-3a0eabc1d752,office locker Transport Delivery from panda mat to kampala rd,2500,2025-06-30,Receipt Book A - 51,a11a9785-b5b9-4d7e-906c-9aa44ce9a57f,2025-06-30,approved,a11a9785-b5b9-4d7e-906c-9aa44ce9a57f
9b267ea3-5970-4160-8b82-afec7599e862,23504f05-f893-4aae-a9f7-d20275cf5b4e,printing of Bussiness card ipress (voucher no ref 85) mpesa code-TGG9765GR3,7308,2025-06-30,Receipt Book A - 53,a11a9785-b5b9-4d7e-906c-9aa44ce9a57f,2025-06-30,approved,a11a9785-b5b9-4d7e-906c-9aa44ce9a57f
9b267ea3-5970-4160-8b82-afec7599e862,e5213fb5-4d0c-4ff5-b51f-77af154c2651,staff breakfast and Lunch 23rd to 28th Saturday,4000,2025-07-02,Receipt Book A - 54,a11a9785-b5b9-4d7e-906c-9aa44ce9a57f,2025-07-02,approved,a11a9785-b5b9-4d7e-906c-9aa44ce9a57f
9b267ea3-5970-4160-8b82-afec7599e862,354f3fa8-c64f-4768-b9c5-bee31598dc7d,Two office scissors (asli's petty),480,2025-07-02,Receipt Book A - 55,a11a9785-b5b9-4d7e-906c-9aa44ce9a57f,2025-07-02,approved,a11a9785-b5b9-4d7e-906c-9aa44ce9a57f
9b267ea3-5970-4160-8b82-afec7599e862,354f3fa8-c64f-4768-b9c5-bee31598dc7d,Godown and office fire extinguisher,20300,2025-07-03,Receipt Book A - 56,a11a9785-b5b9-4d7e-906c-9aa44ce9a57f,2025-07-03,approved,a11a9785-b5b9-4d7e-906c-9aa44ce9a57f
9b267ea3-5970-4160-8b82-afec7599e862,857e6cc6-2ac8-4cea-9342-c4b7bfad3c6e,Duplicating of office keys and transport (Asli's petty cash),800,2025-07-03,Receipt Book A - 59,a11a9785-b5b9-4d7e-906c-9aa44ce9a57f,2025-07-03,approved,a11a9785-b5b9-4d7e-906c-9aa44ce9a57f
9b267ea3-5970-4160-8b82-afec7599e862,354f3fa8-c64f-4768-b9c5-bee31598dc7d,"Recordbook,gluestick,knifecutter",870,2025-07-04,Receipt Book A - 57,a11a9785-b5b9-4d7e-906c-9aa44ce9a57f,2025-07-04,approved,a11a9785-b5b9-4d7e-906c-9aa44ce9a57f
9b267ea3-5970-4160-8b82-afec7599e862,354f3fa8-c64f-4768-b9c5-bee31598dc7d,Office Renovation (Ravi Paid),360000,2025-07-04,Receipt Book A - 58,a11a9785-b5b9-4d7e-906c-9aa44ce9a57f,2025-07-04,approved,a11a9785-b5b9-4d7e-906c-9aa44ce9a57f
9b267ea3-5970-4160-8b82-afec7599e862,23504f05-f893-4aae-a9f7-d20275cf5b4e,printing of A4size letter head and bussiness cards.paid 16/07/25 mpesa code-TGG9765GR3 (ref 53),19720,2025-07-04,Receipt Book A - 73,a11a9785-b5b9-4d7e-906c-9aa44ce9a57f,2025-07-04,approved,a11a9785-b5b9-4d7e-906c-9aa44ce9a57f
9b267ea3-5970-4160-8b82-afec7599e862,354f3fa8-c64f-4768-b9c5-bee31598dc7d,3File splitters,600,2025-07-08,Receipt Book A - 60,a11a9785-b5b9-4d7e-906c-9aa44ce9a57f,2025-07-08,approved,a11a9785-b5b9-4d7e-906c-9aa44ce9a57f
9b267ea3-5970-4160-8b82-afec7599e862,23504f05-f893-4aae-a9f7-d20275cf5b4e,"Office items:Bin -10,Bin bag -1,Toilet Spray 2,celletape,bucket 1,Gloves -1,big bin,office padlock,office hooks",11800,2025-07-08,Receipt Book A - 61,a11a9785-b5b9-4d7e-906c-9aa44ce9a57f,2025-07-08,approved,a11a9785-b5b9-4d7e-906c-9aa44ce9a57f
9b267ea3-5970-4160-8b82-afec7599e862,23504f05-f893-4aae-a9f7-d20275cf5b4e,"A4size paper,500sheets into 5pks 499pkt",2495,2025-07-08,Receipt Book A - 62,a11a9785-b5b9-4d7e-906c-9aa44ce9a57f,2025-07-08,approved,a11a9785-b5b9-4d7e-906c-9aa44ce9a57f
9b267ea3-5970-4160-8b82-afec7599e862,e5213fb5-4d0c-4ff5-b51f-77af154c2651,staff breakfast and Lunch 30.06.25 to 5.07.2025,4450,2025-07-08,Receipt Book A - 65,a11a9785-b5b9-4d7e-906c-9aa44ce9a57f,2025-07-08,approved,a11a9785-b5b9-4d7e-906c-9aa44ce9a57f
9b267ea3-5970-4160-8b82-afec7599e862,857e6cc6-2ac8-4cea-9342-c4b7bfad3c6e,safaricom and airtel transport for paybill (aslis petty cash),500,2025-07-09,Receipt Book A - 67,a11a9785-b5b9-4d7e-906c-9aa44ce9a57f,2025-07-09,approved,a11a9785-b5b9-4d7e-906c-9aa44ce9a57f
9b267ea3-5970-4160-8b82-afec7599e862,857e6cc6-2ac8-4cea-9342-c4b7bfad3c6e,two office permanent marker pen (aslis petty cash),200,2025-07-10,Receipt Book A - 68,a11a9785-b5b9-4d7e-906c-9aa44ce9a57f,2025-07-10,approved,a11a9785-b5b9-4d7e-906c-9aa44ce9a57f
9b267ea3-5970-4160-8b82-afec7599e862,354f3fa8-c64f-4768-b9c5-bee31598dc7d,Office Wifi,5000,2025-07-10,Receipt Book A - 69,a11a9785-b5b9-4d7e-906c-9aa44ce9a57f,2025-07-10,approved,a11a9785-b5b9-4d7e-906c-9aa44ce9a57f
9b267ea3-5970-4160-8b82-afec7599e862,23504f05-f893-4aae-a9f7-d20275cf5b4e,"office whiteout,,20 Biropens, (aslis pettycash)",1040,2025-07-10,Receipt Book A - 70,a11a9785-b5b9-4d7e-906c-9aa44ce9a57f,2025-07-10,approved,a11a9785-b5b9-4d7e-906c-9aa44ce9a57f
9b267ea3-5970-4160-8b82-afec7599e862,857e6cc6-2ac8-4cea-9342-c4b7bfad3c6e,AIrtime office calls for accountant Richard Goligol,1000,2025-07-10,Receipt Book A - 71,a11a9785-b5b9-4d7e-906c-9aa44ce9a57f,2025-07-10,approved,a11a9785-b5b9-4d7e-906c-9aa44ce9a57f
9b267ea3-5970-4160-8b82-afec7599e862,354f3fa8-c64f-4768-b9c5-bee31598dc7d,Electricity Power Bill Till June 2025,3762,2025-07-11,Receipt Book A - 74,a11a9785-b5b9-4d7e-906c-9aa44ce9a57f,2025-07-11,approved,a11a9785-b5b9-4d7e-906c-9aa44ce9a57f
9b267ea3-5970-4160-8b82-afec7599e862,354f3fa8-c64f-4768-b9c5-bee31598dc7d,Water Bill Till June 2025,1399,2025-07-11,Receipt Book A - 75,a11a9785-b5b9-4d7e-906c-9aa44ce9a57f,2025-07-11,approved,a11a9785-b5b9-4d7e-906c-9aa44ce9a57f
9b267ea3-5970-4160-8b82-afec7599e862,354f3fa8-c64f-4768-b9c5-bee31598dc7d,Storage water Tank,14850,2025-07-11,Receipt Book A - 76,a11a9785-b5b9-4d7e-906c-9aa44ce9a57f,2025-07-11,approved,a11a9785-b5b9-4d7e-906c-9aa44ce9a57f
9b267ea3-5970-4160-8b82-afec7599e862,857e6cc6-2ac8-4cea-9342-c4b7bfad3c6e,"Invoice book 3pieces,petty cash book -1,receipt small book -1,Office document wallet -11",1569,2025-07-12,Receipt Book A - 77,a11a9785-b5b9-4d7e-906c-9aa44ce9a57f,2025-07-12,approved,a11a9785-b5b9-4d7e-906c-9aa44ce9a57f
9b267ea3-5970-4160-8b82-afec7599e862,857e6cc6-2ac8-4cea-9342-c4b7bfad3c6e,carbon paper-5pieces (Aslis petty cash),200,2025-07-12,Receipt Book A - 78,a11a9785-b5b9-4d7e-906c-9aa44ce9a57f,2025-07-12,approved,a11a9785-b5b9-4d7e-906c-9aa44ce9a57f
9b267ea3-5970-4160-8b82-afec7599e862,e5213fb5-4d0c-4ff5-b51f-77af154c2651,Breakfast and lunch 8th july to 12th july 2025,5000,2025-07-14,Receipt Book A - 79,a11a9785-b5b9-4d7e-906c-9aa44ce9a57f,2025-07-14,approved,a11a9785-b5b9-4d7e-906c-9aa44ce9a57f
9b267ea3-5970-4160-8b82-afec7599e862,857e6cc6-2ac8-4cea-9342-c4b7bfad3c6e,warehouse manager Office Airtime Mary,500,2025-07-14,Receipt Book A - 80,a11a9785-b5b9-4d7e-906c-9aa44ce9a57f,2025-07-14,approved,a11a9785-b5b9-4d7e-906c-9aa44ce9a57f
9b267ea3-5970-4160-8b82-afec7599e862,857e6cc6-2ac8-4cea-9342-c4b7bfad3c6e,invoice book for kennedy (Aslis petty cash),195,2025-07-14,Receipt Book A - 81,a11a9785-b5b9-4d7e-906c-9aa44ce9a57f,2025-07-14,approved,a11a9785-b5b9-4d7e-906c-9aa44ce9a57f
9b267ea3-5970-4160-8b82-afec7599e862,857e6cc6-2ac8-4cea-9342-c4b7bfad3c6e,kennedys Document parcel and Gidens transport to town (aslis petty cash),600,2025-07-14,Receipt Book A - 82,a11a9785-b5b9-4d7e-906c-9aa44ce9a57f,2025-07-14,approved,a11a9785-b5b9-4d7e-906c-9aa44ce9a57f
9b267ea3-5970-4160-8b82-afec7599e862,857e6cc6-2ac8-4cea-9342-c4b7bfad3c6e,Office petty cash,4000,2025-07-15,Receipt Book A - 83,a11a9785-b5b9-4d7e-906c-9aa44ce9a57f,2025-07-15,approved,a11a9785-b5b9-4d7e-906c-9aa44ce9a57f
9b267ea3-5970-4160-8b82-afec7599e862,354f3fa8-c64f-4768-b9c5-bee31598dc7d,sewer balance mpesa code -TGF7435RO3,877,2025-07-15,Receipt Book A - 84,a11a9785-b5b9-4d7e-906c-9aa44ce9a57f,2025-07-15,approved,a11a9785-b5b9-4d7e-906c-9aa44ce9a57f
9b267ea3-5970-4160-8b82-afec7599e862,e5213fb5-4d0c-4ff5-b51f-77af154c2651,Office water Refill,600,2025-07-16,Receipt Book A - 86,a11a9785-b5b9-4d7e-906c-9aa44ce9a57f,2025-07-16,approved,a11a9785-b5b9-4d7e-906c-9aa44ce9a57f
9b267ea3-5970-4160-8b82-afec7599e862,857e6cc6-2ac8-4cea-9342-c4b7bfad3c6e,safaricom and airtel transport for paybill (aslis petty cash),200,2025-07-18,Receipt Book A - 89,a11a9785-b5b9-4d7e-906c-9aa44ce9a57f,2025-07-18,approved,a11a9785-b5b9-4d7e-906c-9aa44ce9a57f
9b267ea3-5970-4160-8b82-afec7599e862,354f3fa8-c64f-4768-b9c5-bee31598dc7d,True host Webmail mpesa-TGL6USGKPM,975,2025-07-21,Receipt Book A - 88,a11a9785-b5b9-4d7e-906c-9aa44ce9a57f,2025-07-21,approved,a11a9785-b5b9-4d7e-906c-9aa44ce9a57f
9b267ea3-5970-4160-8b82-afec7599e862,56f08071-8bf4-434b-bc7c-d27dfc784eee,Epison printer L6490 112 Refill inks,73400,2025-07-21,Receipt Book A - 90,a11a9785-b5b9-4d7e-906c-9aa44ce9a57f,2025-07-21,approved,a11a9785-b5b9-4d7e-906c-9aa44ce9a57f
9b267ea3-5970-4160-8b82-afec7599e862,0e8f2814-ba6d-478d-aedf-6c6b8135b3c3,Ecitizen Cr12 update,650,2025-07-21,Receipt Book A - 91,a11a9785-b5b9-4d7e-906c-9aa44ce9a57f,2025-07-21,approved,a11a9785-b5b9-4d7e-906c-9aa44ce9a57f
9b267ea3-5970-4160-8b82-afec7599e862,e5213fb5-4d0c-4ff5-b51f-77af154c2651,staff breakfast and lunch,5000,2025-07-21,Receipt Book A - 92,a11a9785-b5b9-4d7e-906c-9aa44ce9a57f,2025-07-21,approved,a11a9785-b5b9-4d7e-906c-9aa44ce9a57f
9b267ea3-5970-4160-8b82-afec7599e862,bc3c5576-05c5-49f6-999b-3a0eabc1d752,KRA Transport (Richard Goligol),1000,2025-07-24,Receipt Book B - 5,a11a9785-b5b9-4d7e-906c-9aa44ce9a57f,2025-07-24,approved,a11a9785-b5b9-4d7e-906c-9aa44ce9a57f
9b267ea3-5970-4160-8b82-afec7599e862,bc3c5576-05c5-49f6-999b-3a0eabc1d752,company pallets and transport fee,60000,2025-07-24,Receipt Book B - 4,a11a9785-b5b9-4d7e-906c-9aa44ce9a57f,2025-07-24,approved,a11a9785-b5b9-4d7e-906c-9aa44ce9a57f
9b267ea3-5970-4160-8b82-afec7599e862,857e6cc6-2ac8-4cea-9342-c4b7bfad3c6e,warehouse manager Office Airtime Mary,1000,2025-07-24,Receipt Book B - 3,a11a9785-b5b9-4d7e-906c-9aa44ce9a57f,2025-07-24,approved,a11a9785-b5b9-4d7e-906c-9aa44ce9a57f
9b267ea3-5970-4160-8b82-afec7599e862,23504f05-f893-4aae-a9f7-d20275cf5b4e,10 0ffice note books,500,2025-07-24,Receipt Book B - 2,a11a9785-b5b9-4d7e-906c-9aa44ce9a57f,2025-07-24,approved,a11a9785-b5b9-4d7e-906c-9aa44ce9a57f
9b267ea3-5970-4160-8b82-afec7599e862,23504f05-f893-4aae-a9f7-d20275cf5b4e,office requirement survey transport,500,2025-07-24,Receipt Book B - 1 of 2,a11a9785-b5b9-4d7e-906c-9aa44ce9a57f,2025-07-24,approved,a11a9785-b5b9-4d7e-906c-9aa44ce9a57f
9b267ea3-5970-4160-8b82-afec7599e862,bc3c5576-05c5-49f6-999b-3a0eabc1d752,kentrade transport upperhill (Richard Goligol),1000,2025-07-25,Receipt Book B - 6,a11a9785-b5b9-4d7e-906c-9aa44ce9a57f,2025-07-25,approved,a11a9785-b5b9-4d7e-906c-9aa44ce9a57f
9b267ea3-5970-4160-8b82-afec7599e862,354f3fa8-c64f-4768-b9c5-bee31598dc7d,For activating company mobile number (TGS1U94KE9),300,2025-07-28,Receipt Book B - 11,a11a9785-b5b9-4d7e-906c-9aa44ce9a57f,2025-07-28,approved,a11a9785-b5b9-4d7e-906c-9aa44ce9a57f
9b267ea3-5970-4160-8b82-afec7599e862,857e6cc6-2ac8-4cea-9342-c4b7bfad3c6e,Payroll module (mpesa code-TGS8U2QM80),13920,2025-07-28,Receipt Book B - 9,a11a9785-b5b9-4d7e-906c-9aa44ce9a57f,2025-07-28,approved,a11a9785-b5b9-4d7e-906c-9aa44ce9a57f
9b267ea3-5970-4160-8b82-afec7599e862,354f3fa8-c64f-4768-b9c5-bee31598dc7d,total ipress balance paid (mpesa code-TGS0U5KGNG),19068,2025-07-28,Receipt Book B - 8,a11a9785-b5b9-4d7e-906c-9aa44ce9a57f,2025-07-28,approved,a11a9785-b5b9-4d7e-906c-9aa44ce9a57f
9b267ea3-5970-4160-8b82-afec7599e862,e5213fb5-4d0c-4ff5-b51f-77af154c2651,staff breakfast and lunch (21.07.25 -26.07.25),6050,2025-07-28,Receipt Book B - 7,a11a9785-b5b9-4d7e-906c-9aa44ce9a57f,2025-07-28,approved,a11a9785-b5b9-4d7e-906c-9aa44ce9a57f
9b267ea3-5970-4160-8b82-afec7599e862,d2fd902e-9647-4051-9d68-118af9471304,"wallclock,windowcleaner,ruler,inkpad,ink,window cleaner detergents,washroomspray,calculators,vim",5900,2025-07-28,Receipt Book B - 12,a11a9785-b5b9-4d7e-906c-9aa44ce9a57f,2025-07-28,approved,a11a9785-b5b9-4d7e-906c-9aa44ce9a57f
9b267ea3-5970-4160-8b82-afec7599e862,0e8f2814-ba6d-478d-aedf-6c6b8135b3c3,kentrade listing fee mpesa code -TGS1VXFAPH),1210,2025-07-28,Receipt Book B - 13,a11a9785-b5b9-4d7e-906c-9aa44ce9a57f,2025-07-28,approved,a11a9785-b5b9-4d7e-906c-9aa44ce9a57f
9b267ea3-5970-4160-8b82-afec7599e862,0e8f2814-ba6d-478d-aedf-6c6b8135b3c3,Kentrade regestration fee (mpesa-TGT3Z3RVJD),7547,2025-07-28,Receipt Book B - 14,a11a9785-b5b9-4d7e-906c-9aa44ce9a57f,2025-07-28,approved,a11a9785-b5b9-4d7e-906c-9aa44ce9a57f
9b267ea3-5970-4160-8b82-afec7599e862,857e6cc6-2ac8-4cea-9342-c4b7bfad3c6e,Payroll module,13920,2025-07-30,Receipt Book B - 15,a11a9785-b5b9-4d7e-906c-9aa44ce9a57f,2025-07-30,approved,a11a9785-b5b9-4d7e-906c-9aa44ce9a57f
9b267ea3-5970-4160-8b82-afec7599e862,354f3fa8-c64f-4768-b9c5-bee31598dc7d,Digital weighing scale machine,7500,2025-07-31,Receipt Book B - 16,a11a9785-b5b9-4d7e-906c-9aa44ce9a57f,2025-07-31,approved,a11a9785-b5b9-4d7e-906c-9aa44ce9a57f
9b267ea3-5970-4160-8b82-afec7599e862,23504f05-f893-4aae-a9f7-d20275cf5b4e,"Tissuepapers 40pcs,serviets",1500,2025-07-31,Receipt Book B - 17,a11a9785-b5b9-4d7e-906c-9aa44ce9a57f,2025-07-31,approved,a11a9785-b5b9-4d7e-906c-9aa44ce9a57f
9b267ea3-5970-4160-8b82-afec7599e862,23504f05-f893-4aae-a9f7-d20275cf5b4e,"5pks file separator,visitors book,yellowtape,20pcs Box files",7550,2025-07-31,Receipt Book B - 18,a11a9785-b5b9-4d7e-906c-9aa44ce9a57f,2025-07-31,approved,a11a9785-b5b9-4d7e-906c-9aa44ce9a57f
9b267ea3-5970-4160-8b82-afec7599e862,bc3c5576-05c5-49f6-999b-3a0eabc1d752,"office  glass set and jug,brooms and uber transport to carry (ref 16,17,18,19)",3000,2025-07-31,Receipt Book B - 19,a11a9785-b5b9-4d7e-906c-9aa44ce9a57f,2025-07-31,approved,a11a9785-b5b9-4d7e-906c-9aa44ce9a57f
9b267ea3-5970-4160-8b82-afec7599e862,23504f05-f893-4aae-a9f7-d20275cf5b4e,"Windowblinds,door rexine,bolt and washer,4pens and wall clock battery.",53460,2025-08-01,Receipt Book B - 20,a11a9785-b5b9-4d7e-906c-9aa44ce9a57f,2025-08-01,approved,a11a9785-b5b9-4d7e-906c-9aa44ce9a57f
9b267ea3-5970-4160-8b82-afec7599e862,23504f05-f893-4aae-a9f7-d20275cf5b4e,two 20L Water Dispenser,600,2025-08-01,Receipt Book B - 21,a11a9785-b5b9-4d7e-906c-9aa44ce9a57f,2025-08-01,approved,a11a9785-b5b9-4d7e-906c-9aa44ce9a57f
9b267ea3-5970-4160-8b82-afec7599e862,e5213fb5-4d0c-4ff5-b51f-77af154c2651,staff breakfast and lunch,6100,2025-08-02,Receipt Book B - 22,a11a9785-b5b9-4d7e-906c-9aa44ce9a57f,2025-08-02,approved,a11a9785-b5b9-4d7e-906c-9aa44ce9a57f
9b267ea3-5970-4160-8b82-afec7599e862,16a8f5a6-7be2-4aae-81d2-3f3b06adef02,window blinds screws,185,2025-08-04,Receipt Book B - 23,a11a9785-b5b9-4d7e-906c-9aa44ce9a57f,2025-08-04,approved,a11a9785-b5b9-4d7e-906c-9aa44ce9a57f
9b267ea3-5970-4160-8b82-afec7599e862,857e6cc6-2ac8-4cea-9342-c4b7bfad3c6e,"35,000 deposited in our account ,security July Salary 34,181",35000,2025-08-04,Receipt Book B - 24,a11a9785-b5b9-4d7e-906c-9aa44ce9a57f,2025-08-04,approved,a11a9785-b5b9-4d7e-906c-9aa44ce9a57f
9b267ea3-5970-4160-8b82-afec7599e862,16a8f5a6-7be2-4aae-81d2-3f3b06adef02,Payment for fixing window blinds,3100,2025-08-04,Receipt Book B - 25,a11a9785-b5b9-4d7e-906c-9aa44ce9a57f,2025-08-04,approved,a11a9785-b5b9-4d7e-906c-9aa44ce9a57f
9b267ea3-5970-4160-8b82-afec7599e862,0e8f2814-ba6d-478d-aedf-6c6b8135b3c3,Company SHA Payment,7701,2025-08-05,Receipt Book B - 27 ref 26,a11a9785-b5b9-4d7e-906c-9aa44ce9a57f,2025-08-05,approved,a11a9785-b5b9-4d7e-906c-9aa44ce9a57f
9b267ea3-5970-4160-8b82-afec7599e862,0e8f2814-ba6d-478d-aedf-6c6b8135b3c3,company PAYE payment,24114,2025-08-06,Receipt Book B - 28,a11a9785-b5b9-4d7e-906c-9aa44ce9a57f,2025-08-06,approved,a11a9785-b5b9-4d7e-906c-9aa44ce9a57f
9b267ea3-5970-4160-8b82-afec7599e862,354f3fa8-c64f-4768-b9c5-bee31598dc7d,company pharmacist payment Titus Wachira,42500,2025-08-05,Receipt Book B - 29,a11a9785-b5b9-4d7e-906c-9aa44ce9a57f,2025-08-05,approved,a11a9785-b5b9-4d7e-906c-9aa44ce9a57f
9b267ea3-5970-4160-8b82-afec7599e862,354f3fa8-c64f-4768-b9c5-bee31598dc7d,1pc silicone,400,2025-08-04,Receipt Book B - 30,a11a9785-b5b9-4d7e-906c-9aa44ce9a57f,2025-08-04,approved,a11a9785-b5b9-4d7e-906c-9aa44ce9a57f
9b267ea3-5970-4160-8b82-afec7599e862,16a8f5a6-7be2-4aae-81d2-3f3b06adef02,Bolt nut for fixing main godown door,100,2025-08-04,Receipt Book B - 31,a11a9785-b5b9-4d7e-906c-9aa44ce9a57f,2025-08-04,approved,a11a9785-b5b9-4d7e-906c-9aa44ce9a57f
9b267ea3-5970-4160-8b82-afec7599e862,bc3c5576-05c5-49f6-999b-3a0eabc1d752,Parcel fee payment to Eldoret kennedy Okonda,500,2025-08-06,Receipt Book B - 32,a11a9785-b5b9-4d7e-906c-9aa44ce9a57f,2025-08-06,approved,a11a9785-b5b9-4d7e-906c-9aa44ce9a57f
9b267ea3-5970-4160-8b82-afec7599e862,857e6cc6-2ac8-4cea-9342-c4b7bfad3c6e,"Joyce Wanjohi ksh 40,000 lawyers fee and 38,000 pending salary",78000,2025-08-07,Receipt Book B - 33,a11a9785-b5b9-4d7e-906c-9aa44ce9a57f,2025-08-07,approved,a11a9785-b5b9-4d7e-906c-9aa44ce9a57f
9b267ea3-5970-4160-8b82-afec7599e862,0e8f2814-ba6d-478d-aedf-6c6b8135b3c3,Company housing levy payment,8400,2025-08-07,Receipt Book B - 34,a11a9785-b5b9-4d7e-906c-9aa44ce9a57f,2025-08-07,approved,a11a9785-b5b9-4d7e-906c-9aa44ce9a57f
9b267ea3-5970-4160-8b82-afec7599e862,56f08071-8bf4-434b-bc7c-d27dfc784eee,company trolley payment,20000,2025-08-07,Receipt Book B - 35,a11a9785-b5b9-4d7e-906c-9aa44ce9a57f,2025-08-07,approved,a11a9785-b5b9-4d7e-906c-9aa44ce9a57f
9b267ea3-5970-4160-8b82-afec7599e862,0e8f2814-ba6d-478d-aedf-6c6b8135b3c3,Etims payment -legal fees mr raju contract,130000,2025-03-25,Receipt Book B - 36,a11a9785-b5b9-4d7e-906c-9aa44ce9a57f,2025-03-25,approved,a11a9785-b5b9-4d7e-906c-9aa44ce9a57f
9b267ea3-5970-4160-8b82-afec7599e862,56f08071-8bf4-434b-bc7c-d27dfc784eee,two office mobile phones payment,22000,2025-08-08,Receipt Book B - 37,a11a9785-b5b9-4d7e-906c-9aa44ce9a57f,2025-08-08,approved,a11a9785-b5b9-4d7e-906c-9aa44ce9a57f
9b267ea3-5970-4160-8b82-afec7599e862,e5213fb5-4d0c-4ff5-b51f-77af154c2651,staff breakfast and lunch,6600,2025-08-11,Receipt Book B - 38,a11a9785-b5b9-4d7e-906c-9aa44ce9a57f,2025-08-11,approved,a11a9785-b5b9-4d7e-906c-9aa44ce9a57f
9b267ea3-5970-4160-8b82-afec7599e862,23504f05-f893-4aae-a9f7-d20275cf5b4e,13 certificates lamination payment,650,2025-08-12,Receipt Book B - 39,a11a9785-b5b9-4d7e-906c-9aa44ce9a57f,2025-08-12,approved,a11a9785-b5b9-4d7e-906c-9aa44ce9a57f
9b267ea3-5970-4160-8b82-afec7599e862,354f3fa8-c64f-4768-b9c5-bee31598dc7d,company water and sewer payment,633,2025-08-12,Receipt Book B - 40,a11a9785-b5b9-4d7e-906c-9aa44ce9a57f,2025-08-12,approved,a11a9785-b5b9-4d7e-906c-9aa44ce9a57f
9b267ea3-5970-4160-8b82-afec7599e862,354f3fa8-c64f-4768-b9c5-bee31598dc7d,company electricity paymeny,2231,2025-08-12,Receipt Book B - 41,a11a9785-b5b9-4d7e-906c-9aa44ce9a57f,2025-08-12,approved,a11a9785-b5b9-4d7e-906c-9aa44ce9a57f
9b267ea3-5970-4160-8b82-afec7599e862,0e8f2814-ba6d-478d-aedf-6c6b8135b3c3,Company NSSF Payment,33808,2025-08-06,Receipt Book B - 42,a11a9785-b5b9-4d7e-906c-9aa44ce9a57f,2025-08-06,approved,a11a9785-b5b9-4d7e-906c-9aa44ce9a57f
9b267ea3-5970-4160-8b82-afec7599e862,56f08071-8bf4-434b-bc7c-d27dfc784eee,phone covers and screen protectors payment,2500,2025-08-08,Receipt Book B - 43 ref 37,a11a9785-b5b9-4d7e-906c-9aa44ce9a57f,2025-08-08,approved,a11a9785-b5b9-4d7e-906c-9aa44ce9a57f
9b267ea3-5970-4160-8b82-afec7599e862,354f3fa8-c64f-4768-b9c5-bee31598dc7d,Payment for entrance sign and reception board stickers Mpesa code-TH73A33PGQK,36540,2025-08-07,Receipt Book B - 45,a11a9785-b5b9-4d7e-906c-9aa44ce9a57f,2025-08-07,approved,a11a9785-b5b9-4d7e-906c-9aa44ce9a57f
9b267ea3-5970-4160-8b82-afec7599e862,e5213fb5-4d0c-4ff5-b51f-77af154c2651,Staff breakfast and lunch,6600,2025-08-16,Receipt Book B - 46,a11a9785-b5b9-4d7e-906c-9aa44ce9a57f,2025-08-16,approved,a11a9785-b5b9-4d7e-906c-9aa44ce9a57f
9b267ea3-5970-4160-8b82-afec7599e862,e5213fb5-4d0c-4ff5-b51f-77af154c2651,2 20l Dispenser water refill,600,2025-08-19,Receipt Book B - 47,a11a9785-b5b9-4d7e-906c-9aa44ce9a57f,2025-08-19,approved,a11a9785-b5b9-4d7e-906c-9aa44ce9a57f
9b267ea3-5970-4160-8b82-afec7599e862,bc3c5576-05c5-49f6-999b-3a0eabc1d752,Zazi hospital delivery transport fee,500,2025-08-21,Receipt Book B - 48,a11a9785-b5b9-4d7e-906c-9aa44ce9a57f,2025-08-21,approved,a11a9785-b5b9-4d7e-906c-9aa44ce9a57f
9b267ea3-5970-4160-8b82-afec7599e862,857e6cc6-2ac8-4cea-9342-c4b7bfad3c6e,Ben kota mobile airtime,250,2025-08-22,Receipt Book B - 49,a11a9785-b5b9-4d7e-906c-9aa44ce9a57f,2025-08-22,approved,a11a9785-b5b9-4d7e-906c-9aa44ce9a57f
9b267ea3-5970-4160-8b82-afec7599e862,e5213fb5-4d0c-4ff5-b51f-77af154c2651,Staff  breakfast  and lunch,6800,2025-08-23,Receipt Book B - 50,a11a9785-b5b9-4d7e-906c-9aa44ce9a57f,2025-08-23,approved,a11a9785-b5b9-4d7e-906c-9aa44ce9a57f
9b267ea3-5970-4160-8b82-afec7599e862,56f08071-8bf4-434b-bc7c-d27dfc784eee,company trolley balance payment,10000,2025-08-23,Receipt Book B - 51,a11a9785-b5b9-4d7e-906c-9aa44ce9a57f,2025-08-23,approved,a11a9785-b5b9-4d7e-906c-9aa44ce9a57f
9b267ea3-5970-4160-8b82-afec7599e862,bc3c5576-05c5-49f6-999b-3a0eabc1d752,Survey transport fee company Van,500,2025-08-26,Receipt Book B - 52,a11a9785-b5b9-4d7e-906c-9aa44ce9a57f,2025-08-26,approved,a11a9785-b5b9-4d7e-906c-9aa44ce9a57f
9b267ea3-5970-4160-8b82-afec7599e862,857e6cc6-2ac8-4cea-9342-c4b7bfad3c6e,office airtime top up,200,2025-08-26,Receipt Book B - 53,a11a9785-b5b9-4d7e-906c-9aa44ce9a57f,2025-08-26,approved,a11a9785-b5b9-4d7e-906c-9aa44ce9a57f
9b267ea3-5970-4160-8b82-afec7599e862,e5213fb5-4d0c-4ff5-b51f-77af154c2651,2 20l Dispenser water refill,600,2025-08-27,Receipt Book B - 54,a11a9785-b5b9-4d7e-906c-9aa44ce9a57f,2025-08-27,approved,a11a9785-b5b9-4d7e-906c-9aa44ce9a57f
9b267ea3-5970-4160-8b82-afec7599e862,bc3c5576-05c5-49f6-999b-3a0eabc1d752,offloading 3 trucks,40000,2025-09-30,B-REF 97,a11a9785-b5b9-4d7e-906c-9aa44ce9a57f,2025-09-30,approved,a11a9785-b5b9-4d7e-906c-9aa44ce9a57f
9b267ea3-5970-4160-8b82-afec7599e862,e5213fb5-4d0c-4ff5-b51f-77af154c2651,Dispenser water refill TWO  20L,600,2025-09-30,B-REF 96,a11a9785-b5b9-4d7e-906c-9aa44ce9a57f,2025-09-30,approved,a11a9785-b5b9-4d7e-906c-9aa44ce9a57f
9b267ea3-5970-4160-8b82-afec7599e862,56f08071-8bf4-434b-bc7c-d27dfc784eee,5small pallets @400 MEDIUM pallets @450 delevery fee 800 MPESA-TJ1FJJ69100,4700,2025-10-01,B-REF 98,a11a9785-b5b9-4d7e-906c-9aa44ce9a57f,2025-10-01,approved,a11a9785-b5b9-4d7e-906c-9aa44ce9a57f
9b267ea3-5970-4160-8b82-afec7599e862,354f3fa8-c64f-4768-b9c5-bee31598dc7d,office wifi - MPESA-    TJ4M36GD01,5000,2025-10-04,B-REF 10,a11a9785-b5b9-4d7e-906c-9aa44ce9a57f,2025-10-04,approved,a11a9785-b5b9-4d7e-906c-9aa44ce9a57f
9b267ea3-5970-4160-8b82-afec7599e862,857e6cc6-2ac8-4cea-9342-c4b7bfad3c6e,"August 2025 Monthly Salary,Ben Kota",20650,2025-08-28,B-REF 55,a11a9785-b5b9-4d7e-906c-9aa44ce9a57f,2025-08-28,approved,a11a9785-b5b9-4d7e-906c-9aa44ce9a57f
9b267ea3-5970-4160-8b82-afec7599e862,857e6cc6-2ac8-4cea-9342-c4b7bfad3c6e,"August 2025 Monthly Salary,Giden Mambili",22335,2025-08-28,B-REF 56,a11a9785-b5b9-4d7e-906c-9aa44ce9a57f,2025-08-28,approved,a11a9785-b5b9-4d7e-906c-9aa44ce9a57f
9b267ea3-5970-4160-8b82-afec7599e862,857e6cc6-2ac8-4cea-9342-c4b7bfad3c6e,"August 2025 Monthly Salary,Mary Sawanda",30000,2025-08-28,B-REF 57,a11a9785-b5b9-4d7e-906c-9aa44ce9a57f,2025-08-28,approved,a11a9785-b5b9-4d7e-906c-9aa44ce9a57f
9b267ea3-5970-4160-8b82-afec7599e862,857e6cc6-2ac8-4cea-9342-c4b7bfad3c6e,"August 2025 Monthly Salary,Richard Goligol",34887,2025-08-28,112 RETURN B-REF 58,a11a9785-b5b9-4d7e-906c-9aa44ce9a57f,2025-08-28,approved,a11a9785-b5b9-4d7e-906c-9aa44ce9a57f
9b267ea3-5970-4160-8b82-afec7599e862,857e6cc6-2ac8-4cea-9342-c4b7bfad3c6e,"August 2025 Monthly Salary,Asli Hassan",37772,2025-08-28,Receipt Book B - B REF -59,a11a9785-b5b9-4d7e-906c-9aa44ce9a57f,2025-08-28,approved,a11a9785-b5b9-4d7e-906c-9aa44ce9a57f
9b267ea3-5970-4160-8b82-afec7599e862,857e6cc6-2ac8-4cea-9342-c4b7bfad3c6e,"August 2025 Monthly Salary,Eric Onyango",30250,2025-08-28,B-REF 60,a11a9785-b5b9-4d7e-906c-9aa44ce9a57f,2025-08-28,approved,a11a9785-b5b9-4d7e-906c-9aa44ce9a57f
9b267ea3-5970-4160-8b82-afec7599e862,857e6cc6-2ac8-4cea-9342-c4b7bfad3c6e,"August 2025 Monthly Salary MPESA-THU9L1MEDD,Kennedy Okonda",45311,2025-08-28,Receipt Book B - ,a11a9785-b5b9-4d7e-906c-9aa44ce9a57f,2025-08-28,approved,a11a9785-b5b9-4d7e-906c-9aa44ce9a57f
9b267ea3-5970-4160-8b82-afec7599e862,857e6cc6-2ac8-4cea-9342-c4b7bfad3c6e,"August 2025 Monthly Salary MPESA -THU7L1RMOH,Titus Wachira",42500,2025-08-28,Receipt Book B - ,a11a9785-b5b9-4d7e-906c-9aa44ce9a57f,2025-08-28,approved,a11a9785-b5b9-4d7e-906c-9aa44ce9a57f
9b267ea3-5970-4160-8b82-afec7599e862,857e6cc6-2ac8-4cea-9342-c4b7bfad3c6e,"September monthly mob airtime,Asli Hassan",2000,2025-08-29,Receipt Book B - ,a11a9785-b5b9-4d7e-906c-9aa44ce9a57f,2025-08-29,approved,a11a9785-b5b9-4d7e-906c-9aa44ce9a57f
9b267ea3-5970-4160-8b82-afec7599e862,857e6cc6-2ac8-4cea-9342-c4b7bfad3c6e,"September monthly mob airtime,Richard Goligol",1000,2025-08-29,Receipt Book B - ,a11a9785-b5b9-4d7e-906c-9aa44ce9a57f,2025-08-29,approved,a11a9785-b5b9-4d7e-906c-9aa44ce9a57f
9b267ea3-5970-4160-8b82-afec7599e862,857e6cc6-2ac8-4cea-9342-c4b7bfad3c6e,"September monthly mob airtime,Mary Sawanda",1000,2025-08-29,Receipt Book B - ,a11a9785-b5b9-4d7e-906c-9aa44ce9a57f,2025-08-29,approved,a11a9785-b5b9-4d7e-906c-9aa44ce9a57f
9b267ea3-5970-4160-8b82-afec7599e862,857e6cc6-2ac8-4cea-9342-c4b7bfad3c6e,"September monthly mob airtime,Giden Mambili",1000,2025-08-29,Receipt Book B - ,a11a9785-b5b9-4d7e-906c-9aa44ce9a57f,2025-08-29,approved,a11a9785-b5b9-4d7e-906c-9aa44ce9a57f
9b267ea3-5970-4160-8b82-afec7599e862,857e6cc6-2ac8-4cea-9342-c4b7bfad3c6e,"September monthly mob airtime,Ben Kota",250,2025-08-29,Receipt Book B - ,a11a9785-b5b9-4d7e-906c-9aa44ce9a57f,2025-08-29,approved,a11a9785-b5b9-4d7e-906c-9aa44ce9a57f
9b267ea3-5970-4160-8b82-afec7599e862,857e6cc6-2ac8-4cea-9342-c4b7bfad3c6e,"September monthly mob airtime,Kennedy Okonda",1000,2025-08-30,Receipt Book B - ,a11a9785-b5b9-4d7e-906c-9aa44ce9a57f,2025-08-30,approved,a11a9785-b5b9-4d7e-906c-9aa44ce9a57f
9b267ea3-5970-4160-8b82-afec7599e862,857e6cc6-2ac8-4cea-9342-c4b7bfad3c6e,"September monthly mob airtime MPESA-THU9L1MEDD,Kennedy Okonda",1500,2025-08-30,Receipt Book B - ,a11a9785-b5b9-4d7e-906c-9aa44ce9a57f,2025-08-30,approved,a11a9785-b5b9-4d7e-906c-9aa44ce9a57f
9b267ea3-5970-4160-8b82-afec7599e862,857e6cc6-2ac8-4cea-9342-c4b7bfad3c6e,"Weekly Allowance outside eldoret MPESA-THU9L1MEDD,Kennedy Okonda",9900,2025-08-30,Receipt Book B - ,a11a9785-b5b9-4d7e-906c-9aa44ce9a57f,2025-08-30,approved,a11a9785-b5b9-4d7e-906c-9aa44ce9a57f
9b267ea3-5970-4160-8b82-afec7599e862,857e6cc6-2ac8-4cea-9342-c4b7bfad3c6e,"Weekly Allowance outside ,Eric Onyango",19000,2025-08-30,Receipt Book B - ,a11a9785-b5b9-4d7e-906c-9aa44ce9a57f,2025-08-30,approved,a11a9785-b5b9-4d7e-906c-9aa44ce9a57f
9b267ea3-5970-4160-8b82-afec7599e862,e5213fb5-4d0c-4ff5-b51f-77af154c2651,"staff Breakfast and lunch 25.08.25-30.08.25,cook",6800,2025-08-30,B-REF 61,a11a9785-b5b9-4d7e-906c-9aa44ce9a57f,2025-08-30,approved,a11a9785-b5b9-4d7e-906c-9aa44ce9a57f
9b267ea3-5970-4160-8b82-afec7599e862,857e6cc6-2ac8-4cea-9342-c4b7bfad3c6e,"security salary payment,Security salary",35000,2025-09-01,Receipt Book B - Cheque 0008,a11a9785-b5b9-4d7e-906c-9aa44ce9a57f,2025-09-01,approved,a11a9785-b5b9-4d7e-906c-9aa44ce9a57f
9b267ea3-5970-4160-8b82-afec7599e862,0e8f2814-ba6d-478d-aedf-6c6b8135b3c3,"Nssf payment MPESA -TI221XRXQW,NSSF",33600,2025-09-02,Receipt Book B - ,a11a9785-b5b9-4d7e-906c-9aa44ce9a57f,2025-09-02,approved,a11a9785-b5b9-4d7e-906c-9aa44ce9a57f
9b267ea3-5970-4160-8b82-afec7599e862,0e8f2814-ba6d-478d-aedf-6c6b8135b3c3,"Housing Levy MPESA-TI271SZFGH,AHL",8400,2025-09-02,Receipt Book B - ,a11a9785-b5b9-4d7e-906c-9aa44ce9a57f,2025-09-02,approved,a11a9785-b5b9-4d7e-906c-9aa44ce9a57f
9b267ea3-5970-4160-8b82-afec7599e862,0e8f2814-ba6d-478d-aedf-6c6b8135b3c3,"SHA payment MPESA-TI261U1UW2,SHA",7701,2025-09-02,Receipt Book B - ,a11a9785-b5b9-4d7e-906c-9aa44ce9a57f,2025-09-02,approved,a11a9785-b5b9-4d7e-906c-9aa44ce9a57f
9b267ea3-5970-4160-8b82-afec7599e862,0e8f2814-ba6d-478d-aedf-6c6b8135b3c3,"PAYE MPESA-TI251SNWUL,PAYE",24114,2025-09-02,Receipt Book B - ,a11a9785-b5b9-4d7e-906c-9aa44ce9a57f,2025-09-02,approved,a11a9785-b5b9-4d7e-906c-9aa44ce9a57f
9b267ea3-5970-4160-8b82-afec7599e862,0e8f2814-ba6d-478d-aedf-6c6b8135b3c3,"Nita Levy MPESA-TI231U9OFJ,NITA Levy",350,2025-09-02,Receipt Book B - ,a11a9785-b5b9-4d7e-906c-9aa44ce9a57f,2025-09-02,approved,a11a9785-b5b9-4d7e-906c-9aa44ce9a57f
9b267ea3-5970-4160-8b82-afec7599e862,354f3fa8-c64f-4768-b9c5-bee31598dc7d,"TRUE HOST payment MPESA-TI21255D7T,TRUE HOST",975,2025-09-02,Receipt Book B - ,a11a9785-b5b9-4d7e-906c-9aa44ce9a57f,2025-09-02,approved,a11a9785-b5b9-4d7e-906c-9aa44ce9a57f
9b267ea3-5970-4160-8b82-afec7599e862,354f3fa8-c64f-4768-b9c5-bee31598dc7d,"WIFI payment MPESA-TI2225DH2S,WIFI",5000,2025-09-02,Receipt Book B - ,a11a9785-b5b9-4d7e-906c-9aa44ce9a57f,2025-09-02,approved,a11a9785-b5b9-4d7e-906c-9aa44ce9a57f
9b267ea3-5970-4160-8b82-afec7599e862,23504f05-f893-4aae-a9f7-d20275cf5b4e,"Office Ream Papers,brown tapes,office stationaries",9100,2025-09-04,B-REF 62,a11a9785-b5b9-4d7e-906c-9aa44ce9a57f,2025-09-04,approved,a11a9785-b5b9-4d7e-906c-9aa44ce9a57f
9b267ea3-5970-4160-8b82-afec7599e862,bc3c5576-05c5-49f6-999b-3a0eabc1d752,"delivery payment for Stationaries,Rider",500,2025-09-04,B-REF 63,a11a9785-b5b9-4d7e-906c-9aa44ce9a57f,2025-09-04,approved,a11a9785-b5b9-4d7e-906c-9aa44ce9a57f
9b267ea3-5970-4160-8b82-afec7599e862,354f3fa8-c64f-4768-b9c5-bee31598dc7d,"Rubber band,office saw,3blades,office stationaries",920,2025-09-04,B-REF 64,a11a9785-b5b9-4d7e-906c-9aa44ce9a57f,2025-09-04,approved,a11a9785-b5b9-4d7e-906c-9aa44ce9a57f
9b267ea3-5970-4160-8b82-afec7599e862,857e6cc6-2ac8-4cea-9342-c4b7bfad3c6e,"Weekly Allowance 08.09.25-13.09.25 MPESA-TI67MKRBAH,Eric Onyango",3000,2025-09-06,Receipt Book B - ,a11a9785-b5b9-4d7e-906c-9aa44ce9a57f,2025-09-06,approved,a11a9785-b5b9-4d7e-906c-9aa44ce9a57f
9b267ea3-5970-4160-8b82-afec7599e862,857e6cc6-2ac8-4cea-9342-c4b7bfad3c6e,"Weekly Allowance 08.09.25-13.09.25 MPESA-TI62ML4E9M,Kennedy Okonda",5200,2025-09-06,Receipt Book B - ,a11a9785-b5b9-4d7e-906c-9aa44ce9a57f,2025-09-06,approved,a11a9785-b5b9-4d7e-906c-9aa44ce9a57f
9b267ea3-5970-4160-8b82-afec7599e862,e5213fb5-4d0c-4ff5-b51f-77af154c2651,"staff Breakfast and lunch 01.09.25-06.09.25,cook",6700,2025-09-06,B-REF69,a11a9785-b5b9-4d7e-906c-9aa44ce9a57f,2025-09-06,approved,a11a9785-b5b9-4d7e-906c-9aa44ce9a57f
9b267ea3-5970-4160-8b82-afec7599e862,bc3c5576-05c5-49f6-999b-3a0eabc1d752,"Gidens transport and kennedys Parcel to Eldoret(BAL -500),Giden Mambili",500,2025-09-06,B-REF 68,a11a9785-b5b9-4d7e-906c-9aa44ce9a57f,2025-09-06,approved,a11a9785-b5b9-4d7e-906c-9aa44ce9a57f
9b267ea3-5970-4160-8b82-afec7599e862,354f3fa8-c64f-4768-b9c5-bee31598dc7d,"white envelope window,Manilla Envelope ,office Envelope",805,2025-09-08,B-REF 70,a11a9785-b5b9-4d7e-906c-9aa44ce9a57f,2025-09-08,approved,a11a9785-b5b9-4d7e-906c-9aa44ce9a57f
9b267ea3-5970-4160-8b82-afec7599e862,354f3fa8-c64f-4768-b9c5-bee31598dc7d,"EBILL paymernt september mpesa-TI82YG17SG,Ebill",1465,2025-09-08,B-REF 71,a11a9785-b5b9-4d7e-906c-9aa44ce9a57f,2025-09-08,approved,a11a9785-b5b9-4d7e-906c-9aa44ce9a57f
9b267ea3-5970-4160-8b82-afec7599e862,857e6cc6-2ac8-4cea-9342-c4b7bfad3c6e,"WATER AND SEWER MPESA-TI86YG9EIA,water and sewage",769,2025-09-08,B-REF 72,a11a9785-b5b9-4d7e-906c-9aa44ce9a57f,2025-09-08,approved,a11a9785-b5b9-4d7e-906c-9aa44ce9a57f
9b267ea3-5970-4160-8b82-afec7599e862,354f3fa8-c64f-4768-b9c5-bee31598dc7d,"PARKING FEE,parking  charges",350,2025-09-08,Receipt Book B - ,a11a9785-b5b9-4d7e-906c-9aa44ce9a57f,2025-09-08,approved,a11a9785-b5b9-4d7e-906c-9aa44ce9a57f
9b267ea3-5970-4160-8b82-afec7599e862,23504f05-f893-4aae-a9f7-d20275cf5b4e,"2 20L Dispenser refill,Office Water",600,2025-09-10,B-REF 73,a11a9785-b5b9-4d7e-906c-9aa44ce9a57f,2025-09-10,approved,a11a9785-b5b9-4d7e-906c-9aa44ce9a57f
9b267ea3-5970-4160-8b82-afec7599e862,bc3c5576-05c5-49f6-999b-3a0eabc1d752,"All purpose washing soap and delivery fee,Office Detergents",2500,2025-09-12,B-REF 74,a11a9785-b5b9-4d7e-906c-9aa44ce9a57f,2025-09-12,approved,a11a9785-b5b9-4d7e-906c-9aa44ce9a57f
9b267ea3-5970-4160-8b82-afec7599e862,857e6cc6-2ac8-4cea-9342-c4b7bfad3c6e,"Weekly Allowance 15.09.25-19.09.25,Eric Onyango",3000,2025-09-13,Receipt Book B - ,a11a9785-b5b9-4d7e-906c-9aa44ce9a57f,2025-09-13,approved,a11a9785-b5b9-4d7e-906c-9aa44ce9a57f
9b267ea3-5970-4160-8b82-afec7599e862,857e6cc6-2ac8-4cea-9342-c4b7bfad3c6e,"weekly Allowance 15.09.25-19.09.25 M-PESA TID80K30XE,Kennedy Okonda",4400,2025-09-13,Receipt Book B - ,a11a9785-b5b9-4d7e-906c-9aa44ce9a57f,2025-09-13,approved,a11a9785-b5b9-4d7e-906c-9aa44ce9a57f
9b267ea3-5970-4160-8b82-afec7599e862,e5213fb5-4d0c-4ff5-b51f-77af154c2651,"Staff breakfast and lunch 8.09.25-13.09.25,FOOD",6800,2025-09-13,B-REF 75,a11a9785-b5b9-4d7e-906c-9aa44ce9a57f,2025-09-13,approved,a11a9785-b5b9-4d7e-906c-9aa44ce9a57f
9b267ea3-5970-4160-8b82-afec7599e862,354f3fa8-c64f-4768-b9c5-bee31598dc7d,"Manilla office envolopes,Mary Sawanda",615,2025-09-13,B-REF 76,a11a9785-b5b9-4d7e-906c-9aa44ce9a57f,2025-09-13,approved,a11a9785-b5b9-4d7e-906c-9aa44ce9a57f
9b267ea3-5970-4160-8b82-afec7599e862,bc3c5576-05c5-49f6-999b-3a0eabc1d752,"Gidens transport and kennedys Parcel to Eldoret,Giden Mambili",500,2025-09-13,B-REF 77,a11a9785-b5b9-4d7e-906c-9aa44ce9a57f,2025-09-13,approved,a11a9785-b5b9-4d7e-906c-9aa44ce9a57f
9b267ea3-5970-4160-8b82-afec7599e862,16a8f5a6-7be2-4aae-81d2-3f3b06adef02,"Office window blinds MPESA-TIF5Z1EAH3 ,Ravichandran N",84480,2025-09-15,B-REF 78,a11a9785-b5b9-4d7e-906c-9aa44ce9a57f,2025-09-15,approved,a11a9785-b5b9-4d7e-906c-9aa44ce9a57f
9b267ea3-5970-4160-8b82-afec7599e862,bc3c5576-05c5-49f6-999b-3a0eabc1d752,"Repairing round table,stool ,table and delivery fee ,Carpenter",8400,2025-09-16,B-REF 79,a11a9785-b5b9-4d7e-906c-9aa44ce9a57f,2025-09-16,approved,a11a9785-b5b9-4d7e-906c-9aa44ce9a57f
9b267ea3-5970-4160-8b82-afec7599e862,16a8f5a6-7be2-4aae-81d2-3f3b06adef02,"fixing window blinds labour  and screws,window blinds",4940,2025-09-16,B-REF 80,a11a9785-b5b9-4d7e-906c-9aa44ce9a57f,2025-09-16,approved,a11a9785-b5b9-4d7e-906c-9aa44ce9a57f
9b267ea3-5970-4160-8b82-afec7599e862,bc3c5576-05c5-49f6-999b-3a0eabc1d752,"outside window corrider cleaner,Cleaners - outside window",1000,2025-09-16,B-REF 81,a11a9785-b5b9-4d7e-906c-9aa44ce9a57f,2025-09-16,approved,a11a9785-b5b9-4d7e-906c-9aa44ce9a57f
9b267ea3-5970-4160-8b82-afec7599e862,e5213fb5-4d0c-4ff5-b51f-77af154c2651,"Dispenser water refill,Dispenser water refill",600,2025-09-19,B-Ref 82,a11a9785-b5b9-4d7e-906c-9aa44ce9a57f,2025-09-19,approved,a11a9785-b5b9-4d7e-906c-9aa44ce9a57f
9b267ea3-5970-4160-8b82-afec7599e862,857e6cc6-2ac8-4cea-9342-c4b7bfad3c6e,"weekly allowance dropping credit appraisal letter to hospitals(22.09.25-26.09.25)  MPESA-TIJ1KHUHKR,Kennedy Okonda",8700,2025-09-19,Receipt Book B - ,a11a9785-b5b9-4d7e-906c-9aa44ce9a57f,2025-09-19,approved,a11a9785-b5b9-4d7e-906c-9aa44ce9a57f
9b267ea3-5970-4160-8b82-afec7599e862,857e6cc6-2ac8-4cea-9342-c4b7bfad3c6e,"weekly allowance  22.09.25-26.09.25,Eric Onyango",3000,2025-09-20,Receipt Book B - ,a11a9785-b5b9-4d7e-906c-9aa44ce9a57f,2025-09-20,approved,a11a9785-b5b9-4d7e-906c-9aa44ce9a57f
9b267ea3-5970-4160-8b82-afec7599e862,bc3c5576-05c5-49f6-999b-3a0eabc1d752,"Gidens transport and for sending parcel,credit appraisal ,pricelist,Giden Mambili",500,2025-09-19,B-REF 83,a11a9785-b5b9-4d7e-906c-9aa44ce9a57f,2025-09-19,approved,a11a9785-b5b9-4d7e-906c-9aa44ce9a57f
9b267ea3-5970-4160-8b82-afec7599e862,e5213fb5-4d0c-4ff5-b51f-77af154c2651,"staff breakfast and lunch,Food",6700,2025-09-22,B-REF 84,a11a9785-b5b9-4d7e-906c-9aa44ce9a57f,2025-09-22,approved,a11a9785-b5b9-4d7e-906c-9aa44ce9a57f
9b267ea3-5970-4160-8b82-afec7599e862,56f08071-8bf4-434b-bc7c-d27dfc784eee,"carpenter balace for repairing round table,small table,office chair,Carpenter",1600,2025-09-22,Receipt Book B - BREF 85 REF 79,a11a9785-b5b9-4d7e-906c-9aa44ce9a57f,2025-09-22,approved,a11a9785-b5b9-4d7e-906c-9aa44ce9a57f
9b267ea3-5970-4160-8b82-afec7599e862,23504f05-f893-4aae-a9f7-d20275cf5b4e,"2 office clear tapes,Clear tape",290,2025-09-23,B-REF 86,a11a9785-b5b9-4d7e-906c-9aa44ce9a57f,2025-09-23,approved,a11a9785-b5b9-4d7e-906c-9aa44ce9a57f
9b267ea3-5970-4160-8b82-afec7599e862,857e6cc6-2ac8-4cea-9342-c4b7bfad3c6e,"mary sawanda advance loan,Advance loan",1500,2025-09-23,Receipt Book B - ,a11a9785-b5b9-4d7e-906c-9aa44ce9a57f,2025-09-23,approved,a11a9785-b5b9-4d7e-906c-9aa44ce9a57f
9b267ea3-5970-4160-8b82-afec7599e862,bc3c5576-05c5-49f6-999b-3a0eabc1d752,"15 pallets,transportation,offloaders,pallets",10000,2025-09-24,B-REF 87,a11a9785-b5b9-4d7e-906c-9aa44ce9a57f,2025-09-24,approved,a11a9785-b5b9-4d7e-906c-9aa44ce9a57f
9b267ea3-5970-4160-8b82-afec7599e862,354f3fa8-c64f-4768-b9c5-bee31598dc7d,"Gluestick,inkpad,correction fluid,office stationaries",765,2025-09-26,B-REF 88,a11a9785-b5b9-4d7e-906c-9aa44ce9a57f,2025-09-26,approved,a11a9785-b5b9-4d7e-906c-9aa44ce9a57f
9b267ea3-5970-4160-8b82-afec7599e862,857e6cc6-2ac8-4cea-9342-c4b7bfad3c6e,"Weekly allowance 29.09.25-04.10.25,eric Onyango",3000,2025-09-27,Receipt Book B - ,a11a9785-b5b9-4d7e-906c-9aa44ce9a57f,2025-09-27,approved,a11a9785-b5b9-4d7e-906c-9aa44ce9a57f
9b267ea3-5970-4160-8b82-afec7599e862,857e6cc6-2ac8-4cea-9342-c4b7bfad3c6e,"weekly Allowance 29.09.25-04.10.25,Kennedy Okonda",5100,2025-09-27,Receipt Book B - ,a11a9785-b5b9-4d7e-906c-9aa44ce9a57f,2025-09-27,approved,a11a9785-b5b9-4d7e-906c-9aa44ce9a57f
9b267ea3-5970-4160-8b82-afec7599e862,bc3c5576-05c5-49f6-999b-3a0eabc1d752,"kennedys parcel to Eldoret and Gidens transport ,Giden Mambili",500,2025-09-27,B-REF 89,a11a9785-b5b9-4d7e-906c-9aa44ce9a57f,2025-09-27,approved,a11a9785-b5b9-4d7e-906c-9aa44ce9a57f
9b267ea3-5970-4160-8b82-afec7599e862,23504f05-f893-4aae-a9f7-d20275cf5b4e,"payment for company pens and epson ink MPESA-TIQFJ5R7NC,Argus Trading",24494,2025-09-26,B-REF 90,a11a9785-b5b9-4d7e-906c-9aa44ce9a57f,2025-09-26,approved,a11a9785-b5b9-4d7e-906c-9aa44ce9a57f
9b267ea3-5970-4160-8b82-afec7599e862,e5213fb5-4d0c-4ff5-b51f-77af154c2651,"Staff Breakfast and Lunch (22.09.25-27.09.25),cook",7200,2025-09-27,B-REF 91,a11a9785-b5b9-4d7e-906c-9aa44ce9a57f,2025-09-27,approved,a11a9785-b5b9-4d7e-906c-9aa44ce9a57f
9b267ea3-5970-4160-8b82-afec7599e862,bc3c5576-05c5-49f6-999b-3a0eabc1d752,"Ladder survey Transport,Richard Goligol",1000,2025-09-29,B-REF 92,a11a9785-b5b9-4d7e-906c-9aa44ce9a57f,2025-09-29,approved,a11a9785-b5b9-4d7e-906c-9aa44ce9a57f
9b267ea3-5970-4160-8b82-afec7599e862,857e6cc6-2ac8-4cea-9342-c4b7bfad3c6e,"September Salary,Eric Onyango",30247,2025-09-29,Receipt Book B - ,a11a9785-b5b9-4d7e-906c-9aa44ce9a57f,2025-09-29,approved,a11a9785-b5b9-4d7e-906c-9aa44ce9a57f
9b267ea3-5970-4160-8b82-afec7599e862,857e6cc6-2ac8-4cea-9342-c4b7bfad3c6e,"October Mobile airtime Allowance,Eric Onyango",1000,2025-09-29,Receipt Book B - ,a11a9785-b5b9-4d7e-906c-9aa44ce9a57f,2025-09-29,approved,a11a9785-b5b9-4d7e-906c-9aa44ce9a57f
9b267ea3-5970-4160-8b82-afec7599e862,23504f05-f893-4aae-a9f7-d20275cf5b4e,"office serviette,disposal cups for offloaders,office requirements",646,2025-09-29,B-REF 93,a11a9785-b5b9-4d7e-906c-9aa44ce9a57f,2025-09-29,approved,a11a9785-b5b9-4d7e-906c-9aa44ce9a57f
9b267ea3-5970-4160-8b82-afec7599e862,23504f05-f893-4aae-a9f7-d20275cf5b4e,"Document bag,classification page,insecticide powder,office requirements",1640,2025-09-29,B-REF 94,a11a9785-b5b9-4d7e-906c-9aa44ce9a57f,2025-09-29,approved,a11a9785-b5b9-4d7e-906c-9aa44ce9a57f
9b267ea3-5970-4160-8b82-afec7599e862,bc3c5576-05c5-49f6-999b-3a0eabc1d752,"36,500 for company ladder and 300 delivery fee,company ladder",36800,2025-09-29,B-REF 95,a11a9785-b5b9-4d7e-906c-9aa44ce9a57f,2025-09-29,approved,a11a9785-b5b9-4d7e-906c-9aa44ce9a57f
9b267ea3-5970-4160-8b82-afec7599e862,0e8f2814-ba6d-478d-aedf-6c6b8135b3c3,NSSF,33683,2025-10-02,B-REF 99,a11a9785-b5b9-4d7e-906c-9aa44ce9a57f,2025-10-02,approved,a11a9785-b5b9-4d7e-906c-9aa44ce9a57f
9b267ea3-5970-4160-8b82-afec7599e862,0e8f2814-ba6d-478d-aedf-6c6b8135b3c3,SHA,7701,2025-10-02,B-REF-100,a11a9785-b5b9-4d7e-906c-9aa44ce9a57f,2025-10-02,approved,a11a9785-b5b9-4d7e-906c-9aa44ce9a57f
9b267ea3-5970-4160-8b82-afec7599e862,bc3c5576-05c5-49f6-999b-3a0eabc1d752,PAID Fundi for repairing two office chairs AND DELIVERY fee,7500,2025-10-07,C-Ref 12,a11a9785-b5b9-4d7e-906c-9aa44ce9a57f,2025-10-07,approved,a11a9785-b5b9-4d7e-906c-9aa44ce9a57f
9b267ea3-5970-4160-8b82-afec7599e862,bc3c5576-05c5-49f6-999b-3a0eabc1d752,mary sawanda transport to show product samples to client,800,2025-10-08,C-REF 14,a11a9785-b5b9-4d7e-906c-9aa44ce9a57f,2025-10-08,approved,a11a9785-b5b9-4d7e-906c-9aa44ce9a57f
9b267ea3-5970-4160-8b82-afec7599e862,e5213fb5-4d0c-4ff5-b51f-77af154c2651,2 20L  Dispenser Water Refill,600,2025-10-08,C-REF 15,a11a9785-b5b9-4d7e-906c-9aa44ce9a57f,2025-10-08,approved,a11a9785-b5b9-4d7e-906c-9aa44ce9a57f
9b267ea3-5970-4160-8b82-afec7599e862,354f3fa8-c64f-4768-b9c5-bee31598dc7d,True Host,985,2025-10-07,C-REF 13,a11a9785-b5b9-4d7e-906c-9aa44ce9a57f,2025-10-07,approved,a11a9785-b5b9-4d7e-906c-9aa44ce9a57f
9b267ea3-5970-4160-8b82-afec7599e862,bc3c5576-05c5-49f6-999b-3a0eabc1d752,paid for three Trucks    return charges,90000,2025-09-30,Receipt Book C - ,a11a9785-b5b9-4d7e-906c-9aa44ce9a57f,2025-09-30,approved,a11a9785-b5b9-4d7e-906c-9aa44ce9a57f
9b267ea3-5970-4160-8b82-afec7599e862,0e8f2814-ba6d-478d-aedf-6c6b8135b3c3,PAYE,24181,2025-10-02,C-REF 1,a11a9785-b5b9-4d7e-906c-9aa44ce9a57f,2025-10-02,approved,a11a9785-b5b9-4d7e-906c-9aa44ce9a57f
9b267ea3-5970-4160-8b82-afec7599e862,0e8f2814-ba6d-478d-aedf-6c6b8135b3c3,Housing Levy,8448,2025-10-02,C-REF 2,a11a9785-b5b9-4d7e-906c-9aa44ce9a57f,2025-10-02,approved,a11a9785-b5b9-4d7e-906c-9aa44ce9a57f
9b267ea3-5970-4160-8b82-afec7599e862,0e8f2814-ba6d-478d-aedf-6c6b8135b3c3,Nita Levy,355,2025-10-02,C-REF 3,a11a9785-b5b9-4d7e-906c-9aa44ce9a57f,2025-10-02,approved,a11a9785-b5b9-4d7e-906c-9aa44ce9a57f
9b267ea3-5970-4160-8b82-afec7599e862,354f3fa8-c64f-4768-b9c5-bee31598dc7d,Payment for receipt book,277,2025-10-03,C-REF 4,a11a9785-b5b9-4d7e-906c-9aa44ce9a57f,2025-10-03,approved,a11a9785-b5b9-4d7e-906c-9aa44ce9a57f
9b267ea3-5970-4160-8b82-afec7599e862,354f3fa8-c64f-4768-b9c5-bee31598dc7d,Boardroom presentation tv Hisense 75inch,96000,2025-10-03,C-REF 5,a11a9785-b5b9-4d7e-906c-9aa44ce9a57f,2025-10-03,approved,a11a9785-b5b9-4d7e-906c-9aa44ce9a57f
9b267ea3-5970-4160-8b82-afec7599e862,16a8f5a6-7be2-4aae-81d2-3f3b06adef02,T.V bracket and labour for mounting ravis t.v,1000,2025-10-03,C-REF 6,a11a9785-b5b9-4d7e-906c-9aa44ce9a57f,2025-10-03,approved,a11a9785-b5b9-4d7e-906c-9aa44ce9a57f
9b267ea3-5970-4160-8b82-afec7599e862,bc3c5576-05c5-49f6-999b-3a0eabc1d752,transport for dispatching,2500,2025-10-03,C-REF 7,a11a9785-b5b9-4d7e-906c-9aa44ce9a57f,2025-10-03,approved,a11a9785-b5b9-4d7e-906c-9aa44ce9a57f
9b267ea3-5970-4160-8b82-afec7599e862,bc3c5576-05c5-49f6-999b-3a0eabc1d752,Drivers transport top and Gidens transport,1000,2025-10-03,C-REF 8,a11a9785-b5b9-4d7e-906c-9aa44ce9a57f,2025-10-03,approved,a11a9785-b5b9-4d7e-906c-9aa44ce9a57f
9b267ea3-5970-4160-8b82-afec7599e862,354f3fa8-c64f-4768-b9c5-bee31598dc7d,motorbike payment for returning products,600,2025-10-04,C-REF 9,a11a9785-b5b9-4d7e-906c-9aa44ce9a57f,2025-10-04,approved,a11a9785-b5b9-4d7e-906c-9aa44ce9a57f
9b267ea3-5970-4160-8b82-afec7599e862,e5213fb5-4d0c-4ff5-b51f-77af154c2651,Staff breakfast and Lunch (offloaders),9640,2025-10-04,C-REF 11,a11a9785-b5b9-4d7e-906c-9aa44ce9a57f,2025-10-04,approved,a11a9785-b5b9-4d7e-906c-9aa44ce9a57f
9b267ea3-5970-4160-8b82-afec7599e862,857e6cc6-2ac8-4cea-9342-c4b7bfad3c6e,kennedy okonda weekly allowance top up for visiting upcountry,6000,2025-10-06,Receipt Book C - ,a11a9785-b5b9-4d7e-906c-9aa44ce9a57f,2025-10-06,approved,a11a9785-b5b9-4d7e-906c-9aa44ce9a57f
9b267ea3-5970-4160-8b82-afec7599e862,857e6cc6-2ac8-4cea-9342-c4b7bfad3c6e,Top up mobile allowance,2000,2025-10-23,C-REF 29,a11a9785-b5b9-4d7e-906c-9aa44ce9a57f,2025-10-23,approved,a11a9785-b5b9-4d7e-906c-9aa44ce9a57f
9b267ea3-5970-4160-8b82-afec7599e862,56f08071-8bf4-434b-bc7c-d27dfc784eee,"2 Executive Desk ,2 CHAIRS",165000,2025-10-08,C-REF 19,a11a9785-b5b9-4d7e-906c-9aa44ce9a57f,2025-10-08,approved,a11a9785-b5b9-4d7e-906c-9aa44ce9a57f
9b267ea3-5970-4160-8b82-afec7599e862,56f08071-8bf4-434b-bc7c-d27dfc784eee,2 360 CCTV camera,5980,2025-10-08,C-REF 20,a11a9785-b5b9-4d7e-906c-9aa44ce9a57f,2025-10-08,approved,a11a9785-b5b9-4d7e-906c-9aa44ce9a57f
9b267ea3-5970-4160-8b82-afec7599e862,e5213fb5-4d0c-4ff5-b51f-77af154c2651,Staff breakfast and luncH,6570,2025-10-09,C-Ref 21,a11a9785-b5b9-4d7e-906c-9aa44ce9a57f,2025-10-09,approved,a11a9785-b5b9-4d7e-906c-9aa44ce9a57f
9b267ea3-5970-4160-8b82-afec7599e862,23504f05-f893-4aae-a9f7-d20275cf5b4e,Two clear tapes,290,2025-10-13,C-REF 22,a11a9785-b5b9-4d7e-906c-9aa44ce9a57f,2025-10-13,approved,a11a9785-b5b9-4d7e-906c-9aa44ce9a57f
9b267ea3-5970-4160-8b82-afec7599e862,56f08071-8bf4-434b-bc7c-d27dfc784eee,"FOR REPAIRING COMPANY TROLLEY WHEELS AND HANDLE,CARPENTER",7000,2025-10-14,C-REF 25,a11a9785-b5b9-4d7e-906c-9aa44ce9a57f,2025-10-14,approved,a11a9785-b5b9-4d7e-906c-9aa44ce9a57f
9b267ea3-5970-4160-8b82-afec7599e862,857e6cc6-2ac8-4cea-9342-c4b7bfad3c6e,KENNEDY WEEKLY ALLOWANCE MPESA-TJDFJ7BKG4,5000,2025-10-14,Receipt Book C - ,a11a9785-b5b9-4d7e-906c-9aa44ce9a57f,2025-10-14,approved,a11a9785-b5b9-4d7e-906c-9aa44ce9a57f
9b267ea3-5970-4160-8b82-afec7599e862,354f3fa8-c64f-4768-b9c5-bee31598dc7d,OFFICE SERVIETE  ONE DOZEN,1000,2025-10-14,C-REF 23,a11a9785-b5b9-4d7e-906c-9aa44ce9a57f,2025-10-14,approved,a11a9785-b5b9-4d7e-906c-9aa44ce9a57f
9b267ea3-5970-4160-8b82-afec7599e862,bc3c5576-05c5-49f6-999b-3a0eabc1d752,Transport for dispatching products to Bibo & veteran,3900,2025-10-14,Receipt Book C - ,a11a9785-b5b9-4d7e-906c-9aa44ce9a57f,2025-10-14,approved,a11a9785-b5b9-4d7e-906c-9aa44ce9a57f
9b267ea3-5970-4160-8b82-afec7599e862,857e6cc6-2ac8-4cea-9342-c4b7bfad3c6e,"Weekly Allowance 21.10.25-24.10.25,ERIC ONYANGO",2000,2025-10-18,Receipt Book C - ,a11a9785-b5b9-4d7e-906c-9aa44ce9a57f,2025-10-18,approved,a11a9785-b5b9-4d7e-906c-9aa44ce9a57f
9b267ea3-5970-4160-8b82-afec7599e862,857e6cc6-2ac8-4cea-9342-c4b7bfad3c6e,"weekly Allowance 21.10.25-24.10.25 kennedy,KENNEDY OKONDA",5000,2025-10-18,Receipt Book C - ,a11a9785-b5b9-4d7e-906c-9aa44ce9a57f,2025-10-18,approved,a11a9785-b5b9-4d7e-906c-9aa44ce9a57f
9b267ea3-5970-4160-8b82-afec7599e862,e5213fb5-4d0c-4ff5-b51f-77af154c2651,"staff breakfast and lunch (9.10.25-18.10.25),Cook",5970,2025-10-18,C-REF26,a11a9785-b5b9-4d7e-906c-9aa44ce9a57f,2025-10-18,approved,a11a9785-b5b9-4d7e-906c-9aa44ce9a57f
9b267ea3-5970-4160-8b82-afec7599e862,e5213fb5-4d0c-4ff5-b51f-77af154c2651,"two 20 L Dispenser water refill (Waiting for recept),water refill",600,2025-10-21,C-REF 27,a11a9785-b5b9-4d7e-906c-9aa44ce9a57f,2025-10-21,approved,a11a9785-b5b9-4d7e-906c-9aa44ce9a57f
9b267ea3-5970-4160-8b82-afec7599e862,857e6cc6-2ac8-4cea-9342-c4b7bfad3c6e,"October monthly Salary MPESA CODE-TJLFJ80T4H,KENNEDY OKONDA",45350,2025-10-22,Receipt Book C - ,a11a9785-b5b9-4d7e-906c-9aa44ce9a57f,2025-10-22,approved,a11a9785-b5b9-4d7e-906c-9aa44ce9a57f
9b267ea3-5970-4160-8b82-afec7599e862,857e6cc6-2ac8-4cea-9342-c4b7bfad3c6e,"weekly allowance top up MPESA -TJMFJ83H4J,Eric onyango",1000,2025-10-22,Receipt Book C - ,a11a9785-b5b9-4d7e-906c-9aa44ce9a57f,2025-10-22,approved,a11a9785-b5b9-4d7e-906c-9aa44ce9a57f
9b267ea3-5970-4160-8b82-afec7599e862,bc3c5576-05c5-49f6-999b-3a0eabc1d752,"Transport for dispatching products to noth gate,nothern ,trasport fee",3700,2025-10-22,C-REF 28,a11a9785-b5b9-4d7e-906c-9aa44ce9a57f,2025-10-22,approved,a11a9785-b5b9-4d7e-906c-9aa44ce9a57f
9b267ea3-5970-4160-8b82-afec7599e862,354f3fa8-c64f-4768-b9c5-bee31598dc7d,"payment for p.o.p videos,producr review",1500,2025-10-23,C-REF 30,a11a9785-b5b9-4d7e-906c-9aa44ce9a57f,2025-10-23,approved,a11a9785-b5b9-4d7e-906c-9aa44ce9a57f
9b267ea3-5970-4160-8b82-afec7599e862,354f3fa8-c64f-4768-b9c5-bee31598dc7d,"Cling film for covering zinc oxide,Cling fling",1150,2025-10-24,C-REF 31,a11a9785-b5b9-4d7e-906c-9aa44ce9a57f,2025-10-24,approved,a11a9785-b5b9-4d7e-906c-9aa44ce9a57f
9b267ea3-5970-4160-8b82-afec7599e862,bc3c5576-05c5-49f6-999b-3a0eabc1d752,transport to survey the polythene bags,300,2025-10-24,C-REF 32,a11a9785-b5b9-4d7e-906c-9aa44ce9a57f,2025-10-24,approved,a11a9785-b5b9-4d7e-906c-9aa44ce9a57f
9b267ea3-5970-4160-8b82-afec7599e862,354f3fa8-c64f-4768-b9c5-bee31598dc7d,"Garbage collectors,GARBAGE COLLECTORS",500,2025-10-24,C-REF 34,a11a9785-b5b9-4d7e-906c-9aa44ce9a57f,2025-10-24,approved,a11a9785-b5b9-4d7e-906c-9aa44ce9a57f
9b267ea3-5970-4160-8b82-afec7599e862,857e6cc6-2ac8-4cea-9342-c4b7bfad3c6e,WEEKLY ALLOWANCE TRAVELLING  UP COUNTRY,20000,2025-10-25,Receipt Book C - ,a11a9785-b5b9-4d7e-906c-9aa44ce9a57f,2025-10-25,approved,a11a9785-b5b9-4d7e-906c-9aa44ce9a57f
9b267ea3-5970-4160-8b82-afec7599e862,857e6cc6-2ac8-4cea-9342-c4b7bfad3c6e,"TOP UP ALLOWANCE,ERIC ONYANGO",2000,2025-10-25,Receipt Book C - ,a11a9785-b5b9-4d7e-906c-9aa44ce9a57f,2025-10-25,approved,a11a9785-b5b9-4d7e-906c-9aa44ce9a57f
9b267ea3-5970-4160-8b82-afec7599e862,e5213fb5-4d0c-4ff5-b51f-77af154c2651,"staff breakfast and lunch (21.10.25-25.10.25),COOK",6730,2025-10-25,C-REF 33,a11a9785-b5b9-4d7e-906c-9aa44ce9a57f,2025-10-25,approved,a11a9785-b5b9-4d7e-906c-9aa44ce9a57f
9b267ea3-5970-4160-8b82-afec7599e862,bc3c5576-05c5-49f6-999b-3a0eabc1d752,lake cargo transport payment MPESA-TJRFJ8JMUX,12400,2025-10-27,C-REF 35,a11a9785-b5b9-4d7e-906c-9aa44ce9a57f,2025-10-27,approved,a11a9785-b5b9-4d7e-906c-9aa44ce9a57f
9b267ea3-5970-4160-8b82-afec7599e862,857e6cc6-2ac8-4cea-9342-c4b7bfad3c6e,360 Cctv advance payment installation,26500,2025-10-27,C-REF 40,a11a9785-b5b9-4d7e-906c-9aa44ce9a57f,2025-10-27,approved,a11a9785-b5b9-4d7e-906c-9aa44ce9a57f
9b267ea3-5970-4160-8b82-afec7599e862,354f3fa8-c64f-4768-b9c5-bee31598dc7d,"Cling film for covering zinc oxide (BAL-674),Cling flim",2326,2025-10-28,C-REF 36,a11a9785-b5b9-4d7e-906c-9aa44ce9a57f,2025-10-28,approved,a11a9785-b5b9-4d7e-906c-9aa44ce9a57f
9b267ea3-5970-4160-8b82-afec7599e862,857e6cc6-2ac8-4cea-9342-c4b7bfad3c6e,"Advance loan to be deducted from october salary,Richard Goligol",5000,2025-10-28,Receipt Book C - ,a11a9785-b5b9-4d7e-906c-9aa44ce9a57f,2025-10-28,approved,a11a9785-b5b9-4d7e-906c-9aa44ce9a57f
9b267ea3-5970-4160-8b82-afec7599e862,857e6cc6-2ac8-4cea-9342-c4b7bfad3c6e,"Erick top up allowance homabay sides TJUFJ8T9CU,ERIC ONYANGO",3000,2025-10-30,Receipt Book C - ,a11a9785-b5b9-4d7e-906c-9aa44ce9a57f,2025-10-30,approved,a11a9785-b5b9-4d7e-906c-9aa44ce9a57f
9b267ea3-5970-4160-8b82-afec7599e862,e5213fb5-4d0c-4ff5-b51f-77af154c2651,BREAKFAST AND LUNCH,7250,2025-11-01,C-REF 41,a11a9785-b5b9-4d7e-906c-9aa44ce9a57f,2025-11-01,approved,a11a9785-b5b9-4d7e-906c-9aa44ce9a57f
9b267ea3-5970-4160-8b82-afec7599e862,857e6cc6-2ac8-4cea-9342-c4b7bfad3c6e,"Weekly Allowance and mobile allowance 3.11.25-08.11.25,peter Kanyi",4500,2025-11-03,Receipt Book C - ,a11a9785-b5b9-4d7e-906c-9aa44ce9a57f,2025-11-03,approved,a11a9785-b5b9-4d7e-906c-9aa44ce9a57f
9b267ea3-5970-4160-8b82-afec7599e862,857e6cc6-2ac8-4cea-9342-c4b7bfad3c6e,"Weekly Allowance  03.11.25- 08.11.25,ERIC ONYANGO",4000,2025-11-03,Receipt Book C - ,a11a9785-b5b9-4d7e-906c-9aa44ce9a57f,2025-11-03,approved,a11a9785-b5b9-4d7e-906c-9aa44ce9a57f
9b267ea3-5970-4160-8b82-afec7599e862,16a8f5a6-7be2-4aae-81d2-3f3b06adef02,labour for repairing washroom sink,400,2025-11-03,C-REF 42,a11a9785-b5b9-4d7e-906c-9aa44ce9a57f,2025-11-03,approved,a11a9785-b5b9-4d7e-906c-9aa44ce9a57f
9b267ea3-5970-4160-8b82-afec7599e862,354f3fa8-c64f-4768-b9c5-bee31598dc7d,"Office Wifi payment TK4M395E9H,office wifi",5000,2025-11-04,C-REF 43,a11a9785-b5b9-4d7e-906c-9aa44ce9a57f,2025-11-04,approved,a11a9785-b5b9-4d7e-906c-9aa44ce9a57f
9b267ea3-5970-4160-8b82-afec7599e862,bc3c5576-05c5-49f6-999b-3a0eabc1d752,"Transport fee for salama pharmaceutical and madina hospial,trasport fee",1000,2025-11-04,C-REF 44,a11a9785-b5b9-4d7e-906c-9aa44ce9a57f,2025-11-04,approved,a11a9785-b5b9-4d7e-906c-9aa44ce9a57f
9b267ea3-5970-4160-8b82-afec7599e862,bc3c5576-05c5-49f6-999b-3a0eabc1d752,"transport fee to Stofix kenya Ltd,trasport fee",1500,2025-11-04,C-REF 45,a11a9785-b5b9-4d7e-906c-9aa44ce9a57f,2025-11-04,approved,a11a9785-b5b9-4d7e-906c-9aa44ce9a57f
9b267ea3-5970-4160-8b82-afec7599e862,bc3c5576-05c5-49f6-999b-3a0eabc1d752,"Transport fee to veteran,trasport fee",1500,2025-11-04,C-REF 46,a11a9785-b5b9-4d7e-906c-9aa44ce9a57f,2025-11-04,approved,a11a9785-b5b9-4d7e-906c-9aa44ce9a57f
9b267ea3-5970-4160-8b82-afec7599e862,bc3c5576-05c5-49f6-999b-3a0eabc1d752,"Gidens Transport from veteran,Gidens Transport",200,2025-11-04,C-REF 47,a11a9785-b5b9-4d7e-906c-9aa44ce9a57f,2025-11-04,approved,a11a9785-b5b9-4d7e-906c-9aa44ce9a57f
9b267ea3-5970-4160-8b82-afec7599e862,354f3fa8-c64f-4768-b9c5-bee31598dc7d,Truehost payment  MPESA-TK5M399VGY,985,2025-11-05,C-REF 48,a11a9785-b5b9-4d7e-906c-9aa44ce9a57f,2025-11-05,approved,a11a9785-b5b9-4d7e-906c-9aa44ce9a57f
9b267ea3-5970-4160-8b82-afec7599e862,0e8f2814-ba6d-478d-aedf-6c6b8135b3c3,NSSF payment Mpesa-TK58Z99EVE,33683,2025-11-05,C-REF 51,a11a9785-b5b9-4d7e-906c-9aa44ce9a57f,2025-11-05,approved,a11a9785-b5b9-4d7e-906c-9aa44ce9a57f
9b267ea3-5970-4160-8b82-afec7599e862,0e8f2814-ba6d-478d-aedf-6c6b8135b3c3,SHA Payment Mpesa-TK58Z99G7V,7749,2025-11-05,C-REF 52,a11a9785-b5b9-4d7e-906c-9aa44ce9a57f,2025-11-05,approved,a11a9785-b5b9-4d7e-906c-9aa44ce9a57f
9b267ea3-5970-4160-8b82-afec7599e862,0e8f2814-ba6d-478d-aedf-6c6b8135b3c3,Nita Levy payment Mpesa-TK58Z99J3H,355,2025-11-05,C-REF 53,a11a9785-b5b9-4d7e-906c-9aa44ce9a57f,2025-11-05,approved,a11a9785-b5b9-4d7e-906c-9aa44ce9a57f
9b267ea3-5970-4160-8b82-afec7599e862,0e8f2814-ba6d-478d-aedf-6c6b8135b3c3,PAYE payment mpesa-TK58Z99J4S,24181,2025-11-05,C-REF 54,a11a9785-b5b9-4d7e-906c-9aa44ce9a57f,2025-11-05,approved,a11a9785-b5b9-4d7e-906c-9aa44ce9a57f
9b267ea3-5970-4160-8b82-afec7599e862,0e8f2814-ba6d-478d-aedf-6c6b8135b3c3,HOUSING Levy mpesa-TK58Z99KNY,8448,2025-11-05,C-REF 55,a11a9785-b5b9-4d7e-906c-9aa44ce9a57f,2025-11-05,approved,a11a9785-b5b9-4d7e-906c-9aa44ce9a57f
9b267ea3-5970-4160-8b82-afec7599e862,23504f05-f893-4aae-a9f7-d20275cf5b4e,2 20L Office water Dispenser Refill,600,2025-11-06,C-REF49,a11a9785-b5b9-4d7e-906c-9aa44ce9a57f,2025-11-06,approved,a11a9785-b5b9-4d7e-906c-9aa44ce9a57f
9b267ea3-5970-4160-8b82-afec7599e862,bc3c5576-05c5-49f6-999b-3a0eabc1d752,delivery fee to Jerusalem and salama pharmaceutical,1000,2025-11-06,C-REF 50,a11a9785-b5b9-4d7e-906c-9aa44ce9a57f,2025-11-06,approved,a11a9785-b5b9-4d7e-906c-9aa44ce9a57f
9b267ea3-5970-4160-8b82-afec7599e862,bc3c5576-05c5-49f6-999b-3a0eabc1d752,delivery fee to Lenexa Healthcare,2000,2025-11-06,C-REF 56,a11a9785-b5b9-4d7e-906c-9aa44ce9a57f,2025-11-06,approved,a11a9785-b5b9-4d7e-906c-9aa44ce9a57f
9b267ea3-5970-4160-8b82-afec7599e862,354f3fa8-c64f-4768-b9c5-bee31598dc7d,NTL Payment Mpesa-TK88Z9HSWT,10100,2025-11-08,C-REF 57,a11a9785-b5b9-4d7e-906c-9aa44ce9a57f,2025-11-08,approved,a11a9785-b5b9-4d7e-906c-9aa44ce9a57f
9b267ea3-5970-4160-8b82-afec7599e862,857e6cc6-2ac8-4cea-9342-c4b7bfad3c6e,WEEKLY  ALLOWANCE 08.11.25--14.11.25,4000,2025-11-08,Receipt Book C - ,a11a9785-b5b9-4d7e-906c-9aa44ce9a57f,2025-11-08,approved,a11a9785-b5b9-4d7e-906c-9aa44ce9a57f
9b267ea3-5970-4160-8b82-afec7599e862,857e6cc6-2ac8-4cea-9342-c4b7bfad3c6e,WEEKLY  ALLOWANCE 08.11.25--14.11.25,5000,2025-11-08,Receipt Book C - ,a11a9785-b5b9-4d7e-906c-9aa44ce9a57f,2025-11-08,approved,a11a9785-b5b9-4d7e-906c-9aa44ce9a57f
9b267ea3-5970-4160-8b82-afec7599e862,354f3fa8-c64f-4768-b9c5-bee31598dc7d,Bilova and zazi hospital,1000,2025-11-11,C-REF 59,a11a9785-b5b9-4d7e-906c-9aa44ce9a57f,2025-11-11,approved,a11a9785-b5b9-4d7e-906c-9aa44ce9a57f
9b267ea3-5970-4160-8b82-afec7599e862,354f3fa8-c64f-4768-b9c5-bee31598dc7d,Cling Film and bag,3465,2025-11-12,C-REF 60,a11a9785-b5b9-4d7e-906c-9aa44ce9a57f,2025-11-12,approved,a11a9785-b5b9-4d7e-906c-9aa44ce9a57f
9b267ea3-5970-4160-8b82-afec7599e862,354f3fa8-c64f-4768-b9c5-bee31598dc7d,Rafiki pharmaceutical,500,2025-11-12,C-REF 61,a11a9785-b5b9-4d7e-906c-9aa44ce9a57f,2025-11-12,approved,a11a9785-b5b9-4d7e-906c-9aa44ce9a57f
9b267ea3-5970-4160-8b82-afec7599e862,857e6cc6-2ac8-4cea-9342-c4b7bfad3c6e,November Mobile Allowance,1000,2025-11-13,Receipt Book C - ,a11a9785-b5b9-4d7e-906c-9aa44ce9a57f,2025-11-13,approved,a11a9785-b5b9-4d7e-906c-9aa44ce9a57f
9b267ea3-5970-4160-8b82-afec7599e862,857e6cc6-2ac8-4cea-9342-c4b7bfad3c6e,November Mobile Allowance,1000,2025-11-13,Receipt Book C - ,a11a9785-b5b9-4d7e-906c-9aa44ce9a57f,2025-11-13,approved,a11a9785-b5b9-4d7e-906c-9aa44ce9a57f
9b267ea3-5970-4160-8b82-afec7599e862,857e6cc6-2ac8-4cea-9342-c4b7bfad3c6e,November Mobile Allowance,1000,2025-11-13,Receipt Book C - ,a11a9785-b5b9-4d7e-906c-9aa44ce9a57f,2025-11-13,approved,a11a9785-b5b9-4d7e-906c-9aa44ce9a57f
9b267ea3-5970-4160-8b82-afec7599e862,857e6cc6-2ac8-4cea-9342-c4b7bfad3c6e,November Mobile Allowance,2000,2025-11-13,Receipt Book C - ,a11a9785-b5b9-4d7e-906c-9aa44ce9a57f,2025-11-13,approved,a11a9785-b5b9-4d7e-906c-9aa44ce9a57f
9b267ea3-5970-4160-8b82-afec7599e862,857e6cc6-2ac8-4cea-9342-c4b7bfad3c6e,November Mobile Allowance (BAL-750),250,2025-11-13,Receipt Book C - ,a11a9785-b5b9-4d7e-906c-9aa44ce9a57f,2025-11-13,approved,a11a9785-b5b9-4d7e-906c-9aa44ce9a57f
9b267ea3-5970-4160-8b82-afec7599e862,354f3fa8-c64f-4768-b9c5-bee31598dc7d,transpotation fee to veteran returned to ipress money,2000,2025-11-12,C-REF 65,a11a9785-b5b9-4d7e-906c-9aa44ce9a57f,2025-11-12,approved,a11a9785-b5b9-4d7e-906c-9aa44ce9a57f
9b267ea3-5970-4160-8b82-afec7599e862,bc3c5576-05c5-49f6-999b-3a0eabc1d752,Transportation fee to Salama,600,2025-11-13,C-ref 62,a11a9785-b5b9-4d7e-906c-9aa44ce9a57f,2025-11-13,approved,a11a9785-b5b9-4d7e-906c-9aa44ce9a57f
9b267ea3-5970-4160-8b82-afec7599e862,bc3c5576-05c5-49f6-999b-3a0eabc1d752,Transportation fee to Eastleigh Pharmaceutical,2500,2025-11-13,C-ref 63,a11a9785-b5b9-4d7e-906c-9aa44ce9a57f,2025-11-13,approved,a11a9785-b5b9-4d7e-906c-9aa44ce9a57f
9b267ea3-5970-4160-8b82-afec7599e862,23504f05-f893-4aae-a9f7-d20275cf5b4e,"15pcs-Tissuepaper3-,Airfreshner,6-Clingfilm and uber",9000,2025-11-13,Receipt Book C - ,a11a9785-b5b9-4d7e-906c-9aa44ce9a57f,2025-11-13,approved,a11a9785-b5b9-4d7e-906c-9aa44ce9a57f
9b267ea3-5970-4160-8b82-afec7599e862,857e6cc6-2ac8-4cea-9342-c4b7bfad3c6e,Advance Loan Mpesa code-TKDFJA360E,20000,2025-11-13,Receipt Book C - ,a11a9785-b5b9-4d7e-906c-9aa44ce9a57f,2025-11-13,approved,a11a9785-b5b9-4d7e-906c-9aa44ce9a57f
9b267ea3-5970-4160-8b82-afec7599e862,bc3c5576-05c5-49f6-999b-3a0eabc1d752,Transport fee to Eastleigh pharmaceutical,600,2025-11-14,C-REF 66,a11a9785-b5b9-4d7e-906c-9aa44ce9a57f,2025-11-14,approved,a11a9785-b5b9-4d7e-906c-9aa44ce9a57f
9b267ea3-5970-4160-8b82-afec7599e862,354f3fa8-c64f-4768-b9c5-bee31598dc7d,Payment for samples product from victoria,1100,2025-11-14,C-REF 67,a11a9785-b5b9-4d7e-906c-9aa44ce9a57f,2025-11-14,approved,a11a9785-b5b9-4d7e-906c-9aa44ce9a57f
9b267ea3-5970-4160-8b82-afec7599e862,857e6cc6-2ac8-4cea-9342-c4b7bfad3c6e,Weekly Allowance,3000,2025-11-15,Receipt Book C - ,a11a9785-b5b9-4d7e-906c-9aa44ce9a57f,2025-11-15,approved,a11a9785-b5b9-4d7e-906c-9aa44ce9a57f
9b267ea3-5970-4160-8b82-afec7599e862,857e6cc6-2ac8-4cea-9342-c4b7bfad3c6e,Weekly Allowance and outstation Allowance,17000,2025-11-15,Receipt Book C - ,a11a9785-b5b9-4d7e-906c-9aa44ce9a57f,2025-11-15,approved,a11a9785-b5b9-4d7e-906c-9aa44ce9a57f
9b267ea3-5970-4160-8b82-afec7599e862,354f3fa8-c64f-4768-b9c5-bee31598dc7d,IPRESS PAYMENT mpesa-TKF8ZA5LPW,77314,2025-11-15,C-REF 68,a11a9785-b5b9-4d7e-906c-9aa44ce9a57f,2025-11-15,approved,a11a9785-b5b9-4d7e-906c-9aa44ce9a57f
9b267ea3-5970-4160-8b82-afec7599e862,e5213fb5-4d0c-4ff5-b51f-77af154c2651,Staff breakfast and lunch,7400,2025-11-15,C-REF 69,a11a9785-b5b9-4d7e-906c-9aa44ce9a57f,2025-11-15,approved,a11a9785-b5b9-4d7e-906c-9aa44ce9a57f
9b267ea3-5970-4160-8b82-afec7599e862,bc3c5576-05c5-49f6-999b-3a0eabc1d752,transportation fee to lenexa,700,2025-11-17,C-REF70,a11a9785-b5b9-4d7e-906c-9aa44ce9a57f,2025-11-17,approved,a11a9785-b5b9-4d7e-906c-9aa44ce9a57f
9b267ea3-5970-4160-8b82-afec7599e862,354f3fa8-c64f-4768-b9c5-bee31598dc7d,Water and sewer payment mpesa code-TKIM3AEEHU,1700,2025-11-18,C-REF 71,a11a9785-b5b9-4d7e-906c-9aa44ce9a57f,2025-11-18,approved,a11a9785-b5b9-4d7e-906c-9aa44ce9a57f
9b267ea3-5970-4160-8b82-afec7599e862,354f3fa8-c64f-4768-b9c5-bee31598dc7d,OFFICE DIARY,360,2025-11-19,C-REF 72,a11a9785-b5b9-4d7e-906c-9aa44ce9a57f,2025-11-19,approved,a11a9785-b5b9-4d7e-906c-9aa44ce9a57f
9b267ea3-5970-4160-8b82-afec7599e862,23504f05-f893-4aae-a9f7-d20275cf5b4e,2 20L Office water Dispenser Refill,600,2025-11-19,C-REF 73,a11a9785-b5b9-4d7e-906c-9aa44ce9a57f,2025-11-19,approved,a11a9785-b5b9-4d7e-906c-9aa44ce9a57f
9b267ea3-5970-4160-8b82-afec7599e862,bc3c5576-05c5-49f6-999b-3a0eabc1d752,Transportation payment to lenexa,500,2025-11-19,C-REF 74,a11a9785-b5b9-4d7e-906c-9aa44ce9a57f,2025-11-19,approved,a11a9785-b5b9-4d7e-906c-9aa44ce9a57f
9b267ea3-5970-4160-8b82-afec7599e862,857e6cc6-2ac8-4cea-9342-c4b7bfad3c6e,salary arrears from june to october,2500,2025-11-19,Receipt Book C - ,a11a9785-b5b9-4d7e-906c-9aa44ce9a57f,2025-11-19,approved,a11a9785-b5b9-4d7e-906c-9aa44ce9a57f
9b267ea3-5970-4160-8b82-afec7599e862,354f3fa8-c64f-4768-b9c5-bee31598dc7d,Payment for buying dusting brush,1000,2025-11-22,C-REF 75,a11a9785-b5b9-4d7e-906c-9aa44ce9a57f,2025-11-22,approved,a11a9785-b5b9-4d7e-906c-9aa44ce9a57f
9b267ea3-5970-4160-8b82-afec7599e862,e5213fb5-4d0c-4ff5-b51f-77af154c2651,Staff breakfast and lunch 17.11.25-22.11.25,7340,2025-11-22,C-REF 76,a11a9785-b5b9-4d7e-906c-9aa44ce9a57f,2025-11-22,approved,a11a9785-b5b9-4d7e-906c-9aa44ce9a57f
9b267ea3-5970-4160-8b82-afec7599e862,857e6cc6-2ac8-4cea-9342-c4b7bfad3c6e,Weekly  Allowance 24.11.25-28.11.25,3000,2025-11-22,Receipt Book C - ,a11a9785-b5b9-4d7e-906c-9aa44ce9a57f,2025-11-22,approved,a11a9785-b5b9-4d7e-906c-9aa44ce9a57f
9b267ea3-5970-4160-8b82-afec7599e862,857e6cc6-2ac8-4cea-9342-c4b7bfad3c6e,Weekly Allowance 24.11.28-28.11.25,3000,2025-11-22,Receipt Book C - ,a11a9785-b5b9-4d7e-906c-9aa44ce9a57f,2025-11-22,approved,a11a9785-b5b9-4d7e-906c-9aa44ce9a57f
9b267ea3-5970-4160-8b82-afec7599e862,857e6cc6-2ac8-4cea-9342-c4b7bfad3c6e,weekly Allowance 24.11.28-28.11.25 MPESA-TKMM3AQBPQ,8090,2025-11-22,Receipt Book C - ,a11a9785-b5b9-4d7e-906c-9aa44ce9a57f,2025-11-22,approved,a11a9785-b5b9-4d7e-906c-9aa44ce9a57f
9b267ea3-5970-4160-8b82-afec7599e862,bc3c5576-05c5-49f6-999b-3a0eabc1d752,TRANSPORT FEE to Stofix,1000,2025-11-22,Receipt Book C - ,a11a9785-b5b9-4d7e-906c-9aa44ce9a57f,2025-11-22,approved,a11a9785-b5b9-4d7e-906c-9aa44ce9a57f
9b267ea3-5970-4160-8b82-afec7599e862,16a8f5a6-7be2-4aae-81d2-3f3b06adef02,Payment for buying lock and fundi's labour,2500,2025-11-25,C-REF77,a11a9785-b5b9-4d7e-906c-9aa44ce9a57f,2025-11-25,approved,a11a9785-b5b9-4d7e-906c-9aa44ce9a57f
9b267ea3-5970-4160-8b82-afec7599e862,bc3c5576-05c5-49f6-999b-3a0eabc1d752,"two office mops,dinning table mats,omo detergent and transport fee",2580,2025-11-25,C-REF 78,a11a9785-b5b9-4d7e-906c-9aa44ce9a57f,2025-11-25,approved,a11a9785-b5b9-4d7e-906c-9aa44ce9a57f
9b267ea3-5970-4160-8b82-afec7599e862,857e6cc6-2ac8-4cea-9342-c4b7bfad3c6e,Advance Loan,10000,2025-11-25,Receipt Book C - ,a11a9785-b5b9-4d7e-906c-9aa44ce9a57f,2025-11-25,approved,a11a9785-b5b9-4d7e-906c-9aa44ce9a57f
9b267ea3-5970-4160-8b82-afec7599e862,857e6cc6-2ac8-4cea-9342-c4b7bfad3c6e,Allowance top up MPESA-TKQ8ZB4543,500,2025-11-26,Receipt Book C - ,a11a9785-b5b9-4d7e-906c-9aa44ce9a57f,2025-11-26,approved,a11a9785-b5b9-4d7e-906c-9aa44ce9a57f
9b267ea3-5970-4160-8b82-afec7599e862,bc3c5576-05c5-49f6-999b-3a0eabc1d752,Transport fee to Veteran,500,2025-11-27,C-REF 79,a11a9785-b5b9-4d7e-906c-9aa44ce9a57f,2025-11-27,approved,a11a9785-b5b9-4d7e-906c-9aa44ce9a57f
9b267ea3-5970-4160-8b82-afec7599e862,bc3c5576-05c5-49f6-999b-3a0eabc1d752,Cling film zinc oxide and transport fee,6645,2025-11-28,C-REF 80,a11a9785-b5b9-4d7e-906c-9aa44ce9a57f,2025-11-28,approved,a11a9785-b5b9-4d7e-906c-9aa44ce9a57f
9b267ea3-5970-4160-8b82-afec7599e862,23504f05-f893-4aae-a9f7-d20275cf5b4e,"payment for purchasing 6 big clear tapes,10small tapes,2 yellow tapes",1370,2025-12-02,C-REF 81,a11a9785-b5b9-4d7e-906c-9aa44ce9a57f,2025-12-02,approved,a11a9785-b5b9-4d7e-906c-9aa44ce9a57f
9b267ea3-5970-4160-8b82-afec7599e862,bc3c5576-05c5-49f6-999b-3a0eabc1d752,rider payment to northern pharmaceuticals,600,2025-12-03,c-ref 82,a11a9785-b5b9-4d7e-906c-9aa44ce9a57f,2025-12-03,approved,a11a9785-b5b9-4d7e-906c-9aa44ce9a57f
9b267ea3-5970-4160-8b82-afec7599e862,354f3fa8-c64f-4768-b9c5-bee31598dc7d,sent to Ravi,3000,2025-12-03,Receipt Book C - ,a11a9785-b5b9-4d7e-906c-9aa44ce9a57f,2025-12-03,approved,a11a9785-b5b9-4d7e-906c-9aa44ce9a57f
9b267ea3-5970-4160-8b82-afec7599e862,857e6cc6-2ac8-4cea-9342-c4b7bfad3c6e,Deposited to the expense account payment for security salary as well,45000,2025-12-03,Receipt Book C - ,a11a9785-b5b9-4d7e-906c-9aa44ce9a57f,2025-12-03,approved,a11a9785-b5b9-4d7e-906c-9aa44ce9a57f
9b267ea3-5970-4160-8b82-afec7599e862,354f3fa8-c64f-4768-b9c5-bee31598dc7d,company wifi payment and transaction fee (34) MPESA -TL3M3BPYPU,5034,2025-12-03,C-REF 83,a11a9785-b5b9-4d7e-906c-9aa44ce9a57f,2025-12-03,approved,a11a9785-b5b9-4d7e-906c-9aa44ce9a57f
9b267ea3-5970-4160-8b82-afec7599e862,354f3fa8-c64f-4768-b9c5-bee31598dc7d,True host Domain payment & transaction fee  MPESA-TL3M3BQ39U,980,2025-12-03,C-REF 84,a11a9785-b5b9-4d7e-906c-9aa44ce9a57f,2025-12-03,approved,a11a9785-b5b9-4d7e-906c-9aa44ce9a57f
9b267ea3-5970-4160-8b82-afec7599e862,0e8f2814-ba6d-478d-aedf-6c6b8135b3c3,NSSF Payment MPESA-TL38ZBRFFN,35012,2025-12-03,C-Ref 85,a11a9785-b5b9-4d7e-906c-9aa44ce9a57f,2025-12-03,approved,a11a9785-b5b9-4d7e-906c-9aa44ce9a57f
9b267ea3-5970-4160-8b82-afec7599e862,0e8f2814-ba6d-478d-aedf-6c6b8135b3c3,PAYEE Payment MPESA-TL38ZBRMVH,21691,2025-12-03,C-REF 86,a11a9785-b5b9-4d7e-906c-9aa44ce9a57f,2025-12-03,approved,a11a9785-b5b9-4d7e-906c-9aa44ce9a57f
9b267ea3-5970-4160-8b82-afec7599e862,0e8f2814-ba6d-478d-aedf-6c6b8135b3c3,Housing Levy Payment MPESA-TL38ZBRGZK,8754,2025-12-03,C-REF 87,a11a9785-b5b9-4d7e-906c-9aa44ce9a57f,2025-12-03,approved,a11a9785-b5b9-4d7e-906c-9aa44ce9a57f
9b267ea3-5970-4160-8b82-afec7599e862,0e8f2814-ba6d-478d-aedf-6c6b8135b3c3,NITA LEVY MPESA-TL38ZBRH1M,400,2025-12-03,C-REF 88,a11a9785-b5b9-4d7e-906c-9aa44ce9a57f,2025-12-03,approved,a11a9785-b5b9-4d7e-906c-9aa44ce9a57f
9b267ea3-5970-4160-8b82-afec7599e862,0e8f2814-ba6d-478d-aedf-6c6b8135b3c3,SHA Payment MPESA-TL38ZBRJTK,8025,2025-12-03,C-REF 89,a11a9785-b5b9-4d7e-906c-9aa44ce9a57f,2025-12-03,approved,a11a9785-b5b9-4d7e-906c-9aa44ce9a57f
9b267ea3-5970-4160-8b82-afec7599e862,857e6cc6-2ac8-4cea-9342-c4b7bfad3c6e,"Nov monthly Salary &Transaction fee Mpesa-TL3FJBUYMMQ,TIRUS NDEGWA",42608,2025-12-03,Receipt Book C - ,a11a9785-b5b9-4d7e-906c-9aa44ce9a57f,2025-12-03,approved,a11a9785-b5b9-4d7e-906c-9aa44ce9a57f
9b267ea3-5970-4160-8b82-afec7599e862,354f3fa8-c64f-4768-b9c5-bee31598dc7d,main Godown padlock,1500,2025-12-03,C-REF 90,a11a9785-b5b9-4d7e-906c-9aa44ce9a57f,2025-12-03,approved,a11a9785-b5b9-4d7e-906c-9aa44ce9a57f
9b267ea3-5970-4160-8b82-afec7599e862,857e6cc6-2ac8-4cea-9342-c4b7bfad3c6e,"Top up weekly allowance Mpesa-TL4M3BSTNT,KENNEDY OKONDA",3000,2025-12-04,Receipt Book C - ,a11a9785-b5b9-4d7e-906c-9aa44ce9a57f,2025-12-04,approved,a11a9785-b5b9-4d7e-906c-9aa44ce9a57f
9b267ea3-5970-4160-8b82-afec7599e862,354f3fa8-c64f-4768-b9c5-bee31598dc7d,Garbage payment mpesa-TL4M3BTC1A,500,2025-12-04,C-REF 92,a11a9785-b5b9-4d7e-906c-9aa44ce9a57f,2025-12-04,approved,a11a9785-b5b9-4d7e-906c-9aa44ce9a57f
9b267ea3-5970-4160-8b82-afec7599e862,e5213fb5-4d0c-4ff5-b51f-77af154c2651,2 20 L Dispenser water Refill,600,2025-12-04,C-REF 91,a11a9785-b5b9-4d7e-906c-9aa44ce9a57f,2025-12-04,approved,a11a9785-b5b9-4d7e-906c-9aa44ce9a57f
9b267ea3-5970-4160-8b82-afec7599e862,354f3fa8-c64f-4768-b9c5-bee31598dc7d,Sent to Ravi,20000,2025-12-04,Receipt Book C - ,a11a9785-b5b9-4d7e-906c-9aa44ce9a57f,2025-12-04,approved,a11a9785-b5b9-4d7e-906c-9aa44ce9a57f
9b267ea3-5970-4160-8b82-afec7599e862,354f3fa8-c64f-4768-b9c5-bee31598dc7d,"E-bill Prorata  payment september,october,november",6000,2025-12-04,C-REF 93,a11a9785-b5b9-4d7e-906c-9aa44ce9a57f,2025-12-04,approved,a11a9785-b5b9-4d7e-906c-9aa44ce9a57f
9b267ea3-5970-4160-8b82-afec7599e862,23504f05-f893-4aae-a9f7-d20275cf5b4e,cash withdrawn from nescopharm expense account cheque no:000015,30000,2025-12-05,Receipt Book C - ,a11a9785-b5b9-4d7e-906c-9aa44ce9a57f,2025-12-05,approved,a11a9785-b5b9-4d7e-906c-9aa44ce9a57f
9b267ea3-5970-4160-8b82-afec7599e862,857e6cc6-2ac8-4cea-9342-c4b7bfad3c6e,"WEEKLY Allowance 8.12.25-12.12.25,Peter Kanyi",3000,2025-12-06,Receipt Book C - ,a11a9785-b5b9-4d7e-906c-9aa44ce9a57f,2025-12-06,approved,a11a9785-b5b9-4d7e-906c-9aa44ce9a57f
9b267ea3-5970-4160-8b82-afec7599e862,857e6cc6-2ac8-4cea-9342-c4b7bfad3c6e,"WEEKLY Allowance 8.12.25-12.12.25,Erick Onyango",17000,2025-12-06,Receipt Book C - ,a11a9785-b5b9-4d7e-906c-9aa44ce9a57f,2025-12-06,approved,a11a9785-b5b9-4d7e-906c-9aa44ce9a57f
9b267ea3-5970-4160-8b82-afec7599e862,857e6cc6-2ac8-4cea-9342-c4b7bfad3c6e,"WEEKLY Allowance 8.12.25-12.12.25 mpesa:TL6M303BHN,KENNEDY OKONDA",8990,2025-12-06,Receipt Book C - ,a11a9785-b5b9-4d7e-906c-9aa44ce9a57f,2025-12-06,approved,a11a9785-b5b9-4d7e-906c-9aa44ce9a57f
9b267ea3-5970-4160-8b82-afec7599e862,e5213fb5-4d0c-4ff5-b51f-77af154c2651,Staff breakfast and lunch,7350,2025-12-06,C-REF 95,a11a9785-b5b9-4d7e-906c-9aa44ce9a57f,2025-12-06,approved,a11a9785-b5b9-4d7e-906c-9aa44ce9a57f
9b267ea3-5970-4160-8b82-afec7599e862,354f3fa8-c64f-4768-b9c5-bee31598dc7d,LIIDO Pharmaceutical,500,2025-12-06,C-REF 94,a11a9785-b5b9-4d7e-906c-9aa44ce9a57f,2025-12-06,approved,a11a9785-b5b9-4d7e-906c-9aa44ce9a57f
9b267ea3-5970-4160-8b82-afec7599e862,857e6cc6-2ac8-4cea-9342-c4b7bfad3c6e,Joseph Wambua weekly Allowance 09.12.25-11.12.25 (bal 400),2600,2025-12-08,Receipt Book C - ,a11a9785-b5b9-4d7e-906c-9aa44ce9a57f,2025-12-08,approved,a11a9785-b5b9-4d7e-906c-9aa44ce9a57f
9b267ea3-5970-4160-8b82-afec7599e862,0e8f2814-ba6d-478d-aedf-6c6b8135b3c3,City Council fire inspection,3000,2025-12-09,C-REF 96,a11a9785-b5b9-4d7e-906c-9aa44ce9a57f,2025-12-09,approved,a11a9785-b5b9-4d7e-906c-9aa44ce9a57f
9b267ea3-5970-4160-8b82-afec7599e862,23504f05-f893-4aae-a9f7-d20275cf5b4e,Fire certificate lamination,50,2025-12-09,C-REF 97,a11a9785-b5b9-4d7e-906c-9aa44ce9a57f,2025-12-09,approved,a11a9785-b5b9-4d7e-906c-9aa44ce9a57f
9b267ea3-5970-4160-8b82-afec7599e862,857e6cc6-2ac8-4cea-9342-c4b7bfad3c6e,"Weekly Allowance 15.12.25-19.12.25,Erick Onyango",3500,2025-12-13,Receipt Book C - ,a11a9785-b5b9-4d7e-906c-9aa44ce9a57f,2025-12-13,approved,a11a9785-b5b9-4d7e-906c-9aa44ce9a57f
9b267ea3-5970-4160-8b82-afec7599e862,857e6cc6-2ac8-4cea-9342-c4b7bfad3c6e,"Weekly Allowance 15.12.25-19.12.25,Joseph Wambua",3500,2025-12-13,Receipt Book C - ,a11a9785-b5b9-4d7e-906c-9aa44ce9a57f,2025-12-13,approved,a11a9785-b5b9-4d7e-906c-9aa44ce9a57f
9b267ea3-5970-4160-8b82-afec7599e862,857e6cc6-2ac8-4cea-9342-c4b7bfad3c6e,"Weekly Allowance 15.12.25-19.12.25,KENNEDY OKONDA",3400,2025-12-13,Receipt Book C - ,a11a9785-b5b9-4d7e-906c-9aa44ce9a57f,2025-12-13,approved,a11a9785-b5b9-4d7e-906c-9aa44ce9a57f
9b267ea3-5970-4160-8b82-afec7599e862,e5213fb5-4d0c-4ff5-b51f-77af154c2651,Staff breakfast and lunch,7200,2025-12-13,C-REF 98,a11a9785-b5b9-4d7e-906c-9aa44ce9a57f,2025-12-13,approved,a11a9785-b5b9-4d7e-906c-9aa44ce9a57f
9b267ea3-5970-4160-8b82-afec7599e862,857e6cc6-2ac8-4cea-9342-c4b7bfad3c6e,"18700 november monthly salary,1500 mobile allowance,3200 weekly allowance, Kennedy Okonda",23400,2025-12-01,Receipt Book C - ,a11a9785-b5b9-4d7e-906c-9aa44ce9a57f,2025-12-01,approved,a11a9785-b5b9-4d7e-906c-9aa44ce9a57f
9b267ea3-5970-4160-8b82-afec7599e862,857e6cc6-2ac8-4cea-9342-c4b7bfad3c6e,"November salary,1500 mobile allowance,3000 weekly allowance,ERIC ONYANGO",36750,2025-12-01,Receipt Book C - ,a11a9785-b5b9-4d7e-906c-9aa44ce9a57f,2025-12-01,approved,a11a9785-b5b9-4d7e-906c-9aa44ce9a57f
9b267ea3-5970-4160-8b82-afec7599e862,857e6cc6-2ac8-4cea-9342-c4b7bfad3c6e,"1500 mobile Allowance 3050,PETER KANYI",4550,2025-12-01,Receipt Book C - ,a11a9785-b5b9-4d7e-906c-9aa44ce9a57f,2025-12-01,approved,a11a9785-b5b9-4d7e-906c-9aa44ce9a57f
9b267ea3-5970-4160-8b82-afec7599e862,857e6cc6-2ac8-4cea-9342-c4b7bfad3c6e,"November  monthly salary,Ben Kota",20650,2025-12-01,Receipt Book C - ,a11a9785-b5b9-4d7e-906c-9aa44ce9a57f,2025-12-01,approved,a11a9785-b5b9-4d7e-906c-9aa44ce9a57f
9b267ea3-5970-4160-8b82-afec7599e862,857e6cc6-2ac8-4cea-9342-c4b7bfad3c6e,"Ravi loan , Ravichandran N",10000,2025-12-01,Receipt Book C - ,a11a9785-b5b9-4d7e-906c-9aa44ce9a57f,2025-12-01,approved,a11a9785-b5b9-4d7e-906c-9aa44ce9a57f
9b267ea3-5970-4160-8b82-afec7599e862,0e8f2814-ba6d-478d-aedf-6c6b8135b3c3,City council fire certificate,3000,2025-12-09,Receipt Book C - city council,a11a9785-b5b9-4d7e-906c-9aa44ce9a57f,2025-12-09,approved,a11a9785-b5b9-4d7e-906c-9aa44ce9a57f
9b267ea3-5970-4160-8b82-afec7599e862,23504f05-f893-4aae-a9f7-d20275cf5b4e,2 20l office dispenser refill,600,2025-12-15,C-REF 99,a11a9785-b5b9-4d7e-906c-9aa44ce9a57f,2025-12-15,approved,a11a9785-b5b9-4d7e-906c-9aa44ce9a57f
9b267ea3-5970-4160-8b82-afec7599e862,354f3fa8-c64f-4768-b9c5-bee31598dc7d,laminatiion fee two certs,100,2025-12-15,C-REF 100,a11a9785-b5b9-4d7e-906c-9aa44ce9a57f,2025-12-15,approved,a11a9785-b5b9-4d7e-906c-9aa44ce9a57f
9b267ea3-5970-4160-8b82-afec7599e862,bc3c5576-05c5-49f6-999b-3a0eabc1d752,Rider payment to salama and pharmachoice eastleigh,1000,2025-12-15,D-REF 1,a11a9785-b5b9-4d7e-906c-9aa44ce9a57f,2025-12-15,approved,a11a9785-b5b9-4d7e-906c-9aa44ce9a57f
9b267ea3-5970-4160-8b82-afec7599e862,0e8f2814-ba6d-478d-aedf-6c6b8135b3c3,permit renewal payment,10000,2025-12-16,DREF 2,a11a9785-b5b9-4d7e-906c-9aa44ce9a57f,2025-12-16,approved,a11a9785-b5b9-4d7e-906c-9aa44ce9a57f
9b267ea3-5970-4160-8b82-afec7599e862,bc3c5576-05c5-49f6-999b-3a0eabc1d752,Rider Transport payment to lenexa,700,2025-12-16,D-REF 3,a11a9785-b5b9-4d7e-906c-9aa44ce9a57f,2025-12-16,approved,a11a9785-b5b9-4d7e-906c-9aa44ce9a57f
9b267ea3-5970-4160-8b82-afec7599e862,857e6cc6-2ac8-4cea-9342-c4b7bfad3c6e,transport allowance to collect cheques,600,2025-12-16,Receipt Book D - ,a11a9785-b5b9-4d7e-906c-9aa44ce9a57f,2025-12-16,approved,a11a9785-b5b9-4d7e-906c-9aa44ce9a57f
9b267ea3-5970-4160-8b82-afec7599e862,857e6cc6-2ac8-4cea-9342-c4b7bfad3c6e,top up office mobile airtime,2000,2025-12-18,D-REF 4,a11a9785-b5b9-4d7e-906c-9aa44ce9a57f,2025-12-18,approved,a11a9785-b5b9-4d7e-906c-9aa44ce9a57f
9b267ea3-5970-4160-8b82-afec7599e862,354f3fa8-c64f-4768-b9c5-bee31598dc7d,Water Bill payment -TLIM317C94,840,2025-12-18,D-REF 5,a11a9785-b5b9-4d7e-906c-9aa44ce9a57f,2025-12-18,approved,a11a9785-b5b9-4d7e-906c-9aa44ce9a57f
9b267ea3-5970-4160-8b82-afec7599e862,354f3fa8-c64f-4768-b9c5-bee31598dc7d,payment for tinting reception window,13000,2025-12-18,D-REF 6,a11a9785-b5b9-4d7e-906c-9aa44ce9a57f,2025-12-18,approved,a11a9785-b5b9-4d7e-906c-9aa44ce9a57f
9b267ea3-5970-4160-8b82-afec7599e862,354f3fa8-c64f-4768-b9c5-bee31598dc7d,DHL product sample shipping payment,14888,2025-12-18,D-REF 8,a11a9785-b5b9-4d7e-906c-9aa44ce9a57f,2025-12-18,approved,a11a9785-b5b9-4d7e-906c-9aa44ce9a57f
9b267ea3-5970-4160-8b82-afec7599e862,354f3fa8-c64f-4768-b9c5-bee31598dc7d,company website,10000,2025-12-19,D-REF 7,a11a9785-b5b9-4d7e-906c-9aa44ce9a57f,2025-12-19,approved,a11a9785-b5b9-4d7e-906c-9aa44ce9a57f
9b267ea3-5970-4160-8b82-afec7599e862,354f3fa8-c64f-4768-b9c5-bee31598dc7d,office wifi mpesa -TLKM31DHU5,5000,2025-12-20,D-REF 9,a11a9785-b5b9-4d7e-906c-9aa44ce9a57f,2025-12-20,approved,a11a9785-b5b9-4d7e-906c-9aa44ce9a57f
9b267ea3-5970-4160-8b82-afec7599e862,857e6cc6-2ac8-4cea-9342-c4b7bfad3c6e,12days salary Joseph Wambua,5000,2025-12-22,Receipt Book D - ,a11a9785-b5b9-4d7e-906c-9aa44ce9a57f,2025-12-22,approved,a11a9785-b5b9-4d7e-906c-9aa44ce9a57f
9b267ea3-5970-4160-8b82-afec7599e862,354f3fa8-c64f-4768-b9c5-bee31598dc7d,staff xmass gift,12000,2025-12-22,D-REF 11,a11a9785-b5b9-4d7e-906c-9aa44ce9a57f,2025-12-22,approved,a11a9785-b5b9-4d7e-906c-9aa44ce9a57f
9b267ea3-5970-4160-8b82-afec7599e862,857e6cc6-2ac8-4cea-9342-c4b7bfad3c6e,"Dec monthly salary,Asli hassan",38400,2025-12-22,Receipt Book D - ,a11a9785-b5b9-4d7e-906c-9aa44ce9a57f,2025-12-22,approved,a11a9785-b5b9-4d7e-906c-9aa44ce9a57f
9b267ea3-5970-4160-8b82-afec7599e862,857e6cc6-2ac8-4cea-9342-c4b7bfad3c6e,"Dec monthly salary,Ben kota",20650,2025-12-22,Receipt Book D - ,a11a9785-b5b9-4d7e-906c-9aa44ce9a57f,2025-12-22,approved,a11a9785-b5b9-4d7e-906c-9aa44ce9a57f
9b267ea3-5970-4160-8b82-afec7599e862,857e6cc6-2ac8-4cea-9342-c4b7bfad3c6e,"Dec monthly salary,Eric Odhiambo",32250,2025-12-22,Receipt Book D - ,a11a9785-b5b9-4d7e-906c-9aa44ce9a57f,2025-12-22,approved,a11a9785-b5b9-4d7e-906c-9aa44ce9a57f
9b267ea3-5970-4160-8b82-afec7599e862,857e6cc6-2ac8-4cea-9342-c4b7bfad3c6e,"Dec monthly salary,Giden Mambili",23350,2025-12-22,Receipt Book D - ,a11a9785-b5b9-4d7e-906c-9aa44ce9a57f,2025-12-22,approved,a11a9785-b5b9-4d7e-906c-9aa44ce9a57f
9b267ea3-5970-4160-8b82-afec7599e862,857e6cc6-2ac8-4cea-9342-c4b7bfad3c6e,"Dec monthly salary,mary Sawanda",30000,2025-12-22,Receipt Book D - ,a11a9785-b5b9-4d7e-906c-9aa44ce9a57f,2025-12-22,approved,a11a9785-b5b9-4d7e-906c-9aa44ce9a57f
9b267ea3-5970-4160-8b82-afec7599e862,857e6cc6-2ac8-4cea-9342-c4b7bfad3c6e,"Dec monthly salary,Richard Goligol",33400,2025-12-22,Receipt Book D - ,a11a9785-b5b9-4d7e-906c-9aa44ce9a57f,2025-12-22,approved,a11a9785-b5b9-4d7e-906c-9aa44ce9a57f
9b267ea3-5970-4160-8b82-afec7599e862,857e6cc6-2ac8-4cea-9342-c4b7bfad3c6e,"Dec monthly salary mpesa-TLMFJ1QC14,peter kanyi",39029,2025-12-22,Receipt Book D - ,a11a9785-b5b9-4d7e-906c-9aa44ce9a57f,2025-12-22,approved,a11a9785-b5b9-4d7e-906c-9aa44ce9a57f
9b267ea3-5970-4160-8b82-afec7599e862,857e6cc6-2ac8-4cea-9342-c4b7bfad3c6e,"Dec monthly salary,titus wachira",32350,2025-12-22,Receipt Book D - ,a11a9785-b5b9-4d7e-906c-9aa44ce9a57f,2025-12-22,approved,a11a9785-b5b9-4d7e-906c-9aa44ce9a57f
9b267ea3-5970-4160-8b82-afec7599e862,354f3fa8-c64f-4768-b9c5-bee31598dc7d,PPB PAYMENT UA5J2XF2F,45060,2026-01-05,Dref-12,a11a9785-b5b9-4d7e-906c-9aa44ce9a57f,2026-01-05,approved,a11a9785-b5b9-4d7e-906c-9aa44ce9a57f
9b267ea3-5970-4160-8b82-afec7599e862,857e6cc6-2ac8-4cea-9342-c4b7bfad3c6e,"WEEKLY ALLOWANCE 05.01.26-10.01.26 &Mobile allowance,Eric Odhiambo",5500,2026-01-05,Receipt Book D - ,a11a9785-b5b9-4d7e-906c-9aa44ce9a57f,2026-01-05,approved,a11a9785-b5b9-4d7e-906c-9aa44ce9a57f
9b267ea3-5970-4160-8b82-afec7599e862,857e6cc6-2ac8-4cea-9342-c4b7bfad3c6e,"WEEKLY ALLOWANCE 05.01.26-10.01.26 &Mobile allowance,Joseeph Wambua",4000,2026-01-05,Receipt Book D - ,a11a9785-b5b9-4d7e-906c-9aa44ce9a57f,2026-01-05,approved,a11a9785-b5b9-4d7e-906c-9aa44ce9a57f
9b267ea3-5970-4160-8b82-afec7599e862,857e6cc6-2ac8-4cea-9342-c4b7bfad3c6e,"WEEKLY ALLOWANCE 05.01.26-10.01.26 &Mobile allowance,ann mutheu",4000,2026-01-05,Receipt Book D - ,a11a9785-b5b9-4d7e-906c-9aa44ce9a57f,2026-01-05,approved,a11a9785-b5b9-4d7e-906c-9aa44ce9a57f
9b267ea3-5970-4160-8b82-afec7599e862,857e6cc6-2ac8-4cea-9342-c4b7bfad3c6e,"WEEKLY ALLOWANCE 05.01.26-10.01.26 &Mobile allowance,sarah",4000,2026-01-05,Receipt Book D - ,a11a9785-b5b9-4d7e-906c-9aa44ce9a57f,2026-01-05,approved,a11a9785-b5b9-4d7e-906c-9aa44ce9a57f
9b267ea3-5970-4160-8b82-afec7599e862,23504f05-f893-4aae-a9f7-d20275cf5b4e,company reps bag and logo printing,4000,2026-01-06,D-ref 13,a11a9785-b5b9-4d7e-906c-9aa44ce9a57f,2026-01-06,approved,a11a9785-b5b9-4d7e-906c-9aa44ce9a57f
9b267ea3-5970-4160-8b82-afec7599e862,bc3c5576-05c5-49f6-999b-3a0eabc1d752,rider payment to salama,700,2026-01-06,D-ref 14,a11a9785-b5b9-4d7e-906c-9aa44ce9a57f,2026-01-06,approved,a11a9785-b5b9-4d7e-906c-9aa44ce9a57f
9b267ea3-5970-4160-8b82-afec7599e862,e5213fb5-4d0c-4ff5-b51f-77af154c2651,2 20l dispenser water,600,2026-01-06,D-REF 15,a11a9785-b5b9-4d7e-906c-9aa44ce9a57f,2026-01-06,approved,a11a9785-b5b9-4d7e-906c-9aa44ce9a57f
9b267ea3-5970-4160-8b82-afec7599e862,bc3c5576-05c5-49f6-999b-3a0eabc1d752,Rider payment to Zazi pharmaceutical,500,2026-01-07,D-REF 16,a11a9785-b5b9-4d7e-906c-9aa44ce9a57f,2026-01-07,approved,a11a9785-b5b9-4d7e-906c-9aa44ce9a57f
9b267ea3-5970-4160-8b82-afec7599e862,bc3c5576-05c5-49f6-999b-3a0eabc1d752,rider payment to curespan eastleigh,500,2026-01-09,D-ref 22,a11a9785-b5b9-4d7e-906c-9aa44ce9a57f,2026-01-09,approved,a11a9785-b5b9-4d7e-906c-9aa44ce9a57f
9b267ea3-5970-4160-8b82-afec7599e862,857e6cc6-2ac8-4cea-9342-c4b7bfad3c6e,"january mobile Allowance,asli hassan",2000,2026-01-09,Receipt Book D - ,a11a9785-b5b9-4d7e-906c-9aa44ce9a57f,2026-01-09,approved,a11a9785-b5b9-4d7e-906c-9aa44ce9a57f
9b267ea3-5970-4160-8b82-afec7599e862,857e6cc6-2ac8-4cea-9342-c4b7bfad3c6e,"January mobile Allowance,Richard Goligol",1000,2026-01-09,Receipt Book D - ,a11a9785-b5b9-4d7e-906c-9aa44ce9a57f,2026-01-09,approved,a11a9785-b5b9-4d7e-906c-9aa44ce9a57f
9b267ea3-5970-4160-8b82-afec7599e862,857e6cc6-2ac8-4cea-9342-c4b7bfad3c6e,"January mobile Allowance,mary Sawanda",1000,2026-01-09,Receipt Book D - ,a11a9785-b5b9-4d7e-906c-9aa44ce9a57f,2026-01-09,approved,a11a9785-b5b9-4d7e-906c-9aa44ce9a57f
9b267ea3-5970-4160-8b82-afec7599e862,857e6cc6-2ac8-4cea-9342-c4b7bfad3c6e,"january mobile Allowance,Ben kota",250,2026-01-09,Receipt Book D - ,a11a9785-b5b9-4d7e-906c-9aa44ce9a57f,2026-01-09,approved,a11a9785-b5b9-4d7e-906c-9aa44ce9a57f
9b267ea3-5970-4160-8b82-afec7599e862,bc3c5576-05c5-49f6-999b-3a0eabc1d752,Rider payment to bilova,600,2026-01-09,D-Ref 23,a11a9785-b5b9-4d7e-906c-9aa44ce9a57f,2026-01-09,approved,a11a9785-b5b9-4d7e-906c-9aa44ce9a57f
9b267ea3-5970-4160-8b82-afec7599e862,bc3c5576-05c5-49f6-999b-3a0eabc1d752,Rider payment to Danmed,500,2026-01-09,D-Ref 24,a11a9785-b5b9-4d7e-906c-9aa44ce9a57f,2026-01-09,approved,a11a9785-b5b9-4d7e-906c-9aa44ce9a57f
9b267ea3-5970-4160-8b82-afec7599e862,bc3c5576-05c5-49f6-999b-3a0eabc1d752,rider payment to tabbacan and danmed,1000,2026-01-10,D-REF 25,a11a9785-b5b9-4d7e-906c-9aa44ce9a57f,2026-01-10,approved,a11a9785-b5b9-4d7e-906c-9aa44ce9a57f
9b267ea3-5970-4160-8b82-afec7599e862,e5213fb5-4d0c-4ff5-b51f-77af154c2651,Staff breakfast and lunch,7700,2026-01-10,D-REF 26,a11a9785-b5b9-4d7e-906c-9aa44ce9a57f,2026-01-10,approved,a11a9785-b5b9-4d7e-906c-9aa44ce9a57f
9b267ea3-5970-4160-8b82-afec7599e862,d2fd902e-9647-4051-9d68-118af9471304,office washing liquid detergents,2050,2026-01-12,D-REF 27,a11a9785-b5b9-4d7e-906c-9aa44ce9a57f,2026-01-12,approved,a11a9785-b5b9-4d7e-906c-9aa44ce9a57f
9b267ea3-5970-4160-8b82-afec7599e862,354f3fa8-c64f-4768-b9c5-bee31598dc7d,truehost payment,985,2026-01-12,D-REF 28,a11a9785-b5b9-4d7e-906c-9aa44ce9a57f,2026-01-12,approved,a11a9785-b5b9-4d7e-906c-9aa44ce9a57f
9b267ea3-5970-4160-8b82-afec7599e862,23504f05-f893-4aae-a9f7-d20275cf5b4e,payment of printing ppb document,450,2026-01-12,D-REF 29,a11a9785-b5b9-4d7e-906c-9aa44ce9a57f,2026-01-12,approved,a11a9785-b5b9-4d7e-906c-9aa44ce9a57f
9b267ea3-5970-4160-8b82-afec7599e862,354f3fa8-c64f-4768-b9c5-bee31598dc7d,warehouse insecticide,200,2026-01-12,D-REF 30,a11a9785-b5b9-4d7e-906c-9aa44ce9a57f,2026-01-12,approved,a11a9785-b5b9-4d7e-906c-9aa44ce9a57f
9b267ea3-5970-4160-8b82-afec7599e862,bc3c5576-05c5-49f6-999b-3a0eabc1d752,Rider payment to Nasra cottage hospital & Trimurti health care,800,2026-01-13,D-ref 31,a11a9785-b5b9-4d7e-906c-9aa44ce9a57f,2026-01-13,approved,a11a9785-b5b9-4d7e-906c-9aa44ce9a57f
9b267ea3-5970-4160-8b82-afec7599e862,23504f05-f893-4aae-a9f7-d20275cf5b4e,cash withdrawn from nescopharm expense account(000024),173000,2026-01-08,Receipt Book D - ,a11a9785-b5b9-4d7e-906c-9aa44ce9a57f,2026-01-08,approved,a11a9785-b5b9-4d7e-906c-9aa44ce9a57f
9b267ea3-5970-4160-8b82-afec7599e862,0e8f2814-ba6d-478d-aedf-6c6b8135b3c3,NSSF PAYMENT,39819,2026-01-09,D-REF 17,a11a9785-b5b9-4d7e-906c-9aa44ce9a57f,2026-01-09,approved,a11a9785-b5b9-4d7e-906c-9aa44ce9a57f
9b267ea3-5970-4160-8b82-afec7599e862,0e8f2814-ba6d-478d-aedf-6c6b8135b3c3,HOUSING LEVY,9978,2026-01-09,D-REF 18,a11a9785-b5b9-4d7e-906c-9aa44ce9a57f,2026-01-09,approved,a11a9785-b5b9-4d7e-906c-9aa44ce9a57f
9b267ea3-5970-4160-8b82-afec7599e862,0e8f2814-ba6d-478d-aedf-6c6b8135b3c3,SHA Payment,9152,2026-01-09,D-REF 19,a11a9785-b5b9-4d7e-906c-9aa44ce9a57f,2026-01-09,approved,a11a9785-b5b9-4d7e-906c-9aa44ce9a57f
9b267ea3-5970-4160-8b82-afec7599e862,0e8f2814-ba6d-478d-aedf-6c6b8135b3c3,PAYE Payment,30312,2026-01-09,D-REF 20,a11a9785-b5b9-4d7e-906c-9aa44ce9a57f,2026-01-09,approved,a11a9785-b5b9-4d7e-906c-9aa44ce9a57f
9b267ea3-5970-4160-8b82-afec7599e862,0e8f2814-ba6d-478d-aedf-6c6b8135b3c3,NITA Levy,405,2026-01-09,D-REF21,a11a9785-b5b9-4d7e-906c-9aa44ce9a57f,2026-01-09,approved,a11a9785-b5b9-4d7e-906c-9aa44ce9a57f
9b267ea3-5970-4160-8b82-afec7599e862,354f3fa8-c64f-4768-b9c5-bee31598dc7d,PPB inspection payment,60000,2026-01-09,D-REF 32,a11a9785-b5b9-4d7e-906c-9aa44ce9a57f,2026-01-09,approved,a11a9785-b5b9-4d7e-906c-9aa44ce9a57f
9b267ea3-5970-4160-8b82-afec7599e862,857e6cc6-2ac8-4cea-9342-c4b7bfad3c6e,joseph advance loan,10000,2026-01-09,Receipt Book D - ,a11a9785-b5b9-4d7e-906c-9aa44ce9a57f,2026-01-09,approved,a11a9785-b5b9-4d7e-906c-9aa44ce9a57f
9b267ea3-5970-4160-8b82-afec7599e862,857e6cc6-2ac8-4cea-9342-c4b7bfad3c6e,weekly allowance 10.01.26-17.01.26,3000,2026-01-10,Receipt Book D - ,a11a9785-b5b9-4d7e-906c-9aa44ce9a57f,2026-01-10,approved,a11a9785-b5b9-4d7e-906c-9aa44ce9a57f
9b267ea3-5970-4160-8b82-afec7599e862,857e6cc6-2ac8-4cea-9342-c4b7bfad3c6e,weekly allowance 10.01.26-17.01.26,3000,2026-01-10,Receipt Book D - ,a11a9785-b5b9-4d7e-906c-9aa44ce9a57f,2026-01-10,approved,a11a9785-b5b9-4d7e-906c-9aa44ce9a57f
9b267ea3-5970-4160-8b82-afec7599e862,857e6cc6-2ac8-4cea-9342-c4b7bfad3c6e,weekly allowance 10.01.26-17.01.26,3000,2026-01-10,Receipt Book D - ,a11a9785-b5b9-4d7e-906c-9aa44ce9a57f,2026-01-10,approved,a11a9785-b5b9-4d7e-906c-9aa44ce9a57f
9b267ea3-5970-4160-8b82-afec7599e862,857e6cc6-2ac8-4cea-9342-c4b7bfad3c6e,weekly allowance 10.01.26-17.01.26,4000,2026-01-10,Receipt Book D - ,a11a9785-b5b9-4d7e-906c-9aa44ce9a57f,2026-01-10,approved,a11a9785-b5b9-4d7e-906c-9aa44ce9a57f
9b267ea3-5970-4160-8b82-afec7599e862,bc3c5576-05c5-49f6-999b-3a0eabc1d752,rider payment to northgate pharmaceuticals,500,2026-01-15,D-REF 34,a11a9785-b5b9-4d7e-906c-9aa44ce9a57f,2026-01-15,approved,a11a9785-b5b9-4d7e-906c-9aa44ce9a57f
9b267ea3-5970-4160-8b82-afec7599e862,23504f05-f893-4aae-a9f7-d20275cf5b4e,PPB EXPENSE 3,40000,2026-01-14,D-REF 33,a11a9785-b5b9-4d7e-906c-9aa44ce9a57f,2026-01-14,approved,a11a9785-b5b9-4d7e-906c-9aa44ce9a57f
9b267ea3-5970-4160-8b82-afec7599e862,23504f05-f893-4aae-a9f7-d20275cf5b4e,"Payment for 1pkt paper clip,1pkt A5Envelope,10reams printing",6100,2026-01-15,D-REF35,a11a9785-b5b9-4d7e-906c-9aa44ce9a57f,2026-01-15,approved,a11a9785-b5b9-4d7e-906c-9aa44ce9a57f
9b267ea3-5970-4160-8b82-afec7599e862,e5213fb5-4d0c-4ff5-b51f-77af154c2651,2 20l Dispenser water refill,600,2026-01-15,D-REF 36,a11a9785-b5b9-4d7e-906c-9aa44ce9a57f,2026-01-15,approved,a11a9785-b5b9-4d7e-906c-9aa44ce9a57f
9b267ea3-5970-4160-8b82-afec7599e862,354f3fa8-c64f-4768-b9c5-bee31598dc7d,DEC water payment,510,2026-01-16,D-REF 37,a11a9785-b5b9-4d7e-906c-9aa44ce9a57f,2026-01-16,approved,a11a9785-b5b9-4d7e-906c-9aa44ce9a57f
9b267ea3-5970-4160-8b82-afec7599e862,857e6cc6-2ac8-4cea-9342-c4b7bfad3c6e,Weekly allowance 19.01.24-24.01.25,4500,2026-01-17,Receipt Book D - ,a11a9785-b5b9-4d7e-906c-9aa44ce9a57f,2026-01-17,approved,a11a9785-b5b9-4d7e-906c-9aa44ce9a57f
9b267ea3-5970-4160-8b82-afec7599e862,857e6cc6-2ac8-4cea-9342-c4b7bfad3c6e,Weekly allowance 19.01.24-24.01.25,3000,2026-01-17,Receipt Book D - ,a11a9785-b5b9-4d7e-906c-9aa44ce9a57f,2026-01-17,approved,a11a9785-b5b9-4d7e-906c-9aa44ce9a57f
9b267ea3-5970-4160-8b82-afec7599e862,857e6cc6-2ac8-4cea-9342-c4b7bfad3c6e,Weekly allowance 19.01.24-24.01.25,3000,2026-01-17,Receipt Book D - ,a11a9785-b5b9-4d7e-906c-9aa44ce9a57f,2026-01-17,approved,a11a9785-b5b9-4d7e-906c-9aa44ce9a57f
9b267ea3-5970-4160-8b82-afec7599e862,857e6cc6-2ac8-4cea-9342-c4b7bfad3c6e,Weekly allowance 19.01.24-24.01.25,3000,2026-01-17,Receipt Book D - ,a11a9785-b5b9-4d7e-906c-9aa44ce9a57f,2026-01-17,approved,a11a9785-b5b9-4d7e-906c-9aa44ce9a57f
9b267ea3-5970-4160-8b82-afec7599e862,e5213fb5-4d0c-4ff5-b51f-77af154c2651,staff breakfast and lunch,7300,2026-01-17,D-REF 38,a11a9785-b5b9-4d7e-906c-9aa44ce9a57f,2026-01-17,approved,a11a9785-b5b9-4d7e-906c-9aa44ce9a57f
9b267ea3-5970-4160-8b82-afec7599e862,bc3c5576-05c5-49f6-999b-3a0eabc1d752,rider payment to Danmed Pharmaceuticals,500,2026-01-17,D-REF 39,a11a9785-b5b9-4d7e-906c-9aa44ce9a57f,2026-01-17,approved,a11a9785-b5b9-4d7e-906c-9aa44ce9a57f
9b267ea3-5970-4160-8b82-afec7599e862,bc3c5576-05c5-49f6-999b-3a0eabc1d752,8 staff office diary & Transport fee,5800,2026-01-19,D-REF 40,a11a9785-b5b9-4d7e-906c-9aa44ce9a57f,2026-01-19,approved,a11a9785-b5b9-4d7e-906c-9aa44ce9a57f
9b267ea3-5970-4160-8b82-afec7599e862,354f3fa8-c64f-4768-b9c5-bee31598dc7d,Lenexa pharmaceuticals,1400,2026-01-19,D-REF 41,a11a9785-b5b9-4d7e-906c-9aa44ce9a57f,2026-01-19,approved,a11a9785-b5b9-4d7e-906c-9aa44ce9a57f
9b267ea3-5970-4160-8b82-afec7599e862,23504f05-f893-4aae-a9f7-d20275cf5b4e,"1 dozen tissuepaper,harpic,toiletspray,dishwasher,windowcleaner, &transport fee",4090,2026-01-20,D-REF42,a11a9785-b5b9-4d7e-906c-9aa44ce9a57f,2026-01-20,approved,a11a9785-b5b9-4d7e-906c-9aa44ce9a57f
9b267ea3-5970-4160-8b82-afec7599e862,bc3c5576-05c5-49f6-999b-3a0eabc1d752,rider payment to bilova and bibo pharmaceuticals,700,2026-01-21,D-REF 43,a11a9785-b5b9-4d7e-906c-9aa44ce9a57f,2026-01-21,approved,a11a9785-b5b9-4d7e-906c-9aa44ce9a57f
9b267ea3-5970-4160-8b82-afec7599e862,bc3c5576-05c5-49f6-999b-3a0eabc1d752,rider paymet to salama pharmaceuticals,700,2026-01-21,D-REF 44,a11a9785-b5b9-4d7e-906c-9aa44ce9a57f,2026-01-21,approved,a11a9785-b5b9-4d7e-906c-9aa44ce9a57f
9b267ea3-5970-4160-8b82-afec7599e862,bc3c5576-05c5-49f6-999b-3a0eabc1d752,Rider payment to pharmashell,500,2026-01-22,D-REF 45,a11a9785-b5b9-4d7e-906c-9aa44ce9a57f,2026-01-22,approved,a11a9785-b5b9-4d7e-906c-9aa44ce9a57f
9b267ea3-5970-4160-8b82-afec7599e862,e5213fb5-4d0c-4ff5-b51f-77af154c2651,stofix pharmaceuticals  lunch,2000,2026-01-22,Receipt Book D - ,a11a9785-b5b9-4d7e-906c-9aa44ce9a57f,2026-01-22,approved,a11a9785-b5b9-4d7e-906c-9aa44ce9a57f
9b267ea3-5970-4160-8b82-afec7599e862,e5213fb5-4d0c-4ff5-b51f-77af154c2651,2 20l Dispenser water refill,600,2026-01-23,D-REF 46,a11a9785-b5b9-4d7e-906c-9aa44ce9a57f,2026-01-23,approved,a11a9785-b5b9-4d7e-906c-9aa44ce9a57f
9b267ea3-5970-4160-8b82-afec7599e862,bc3c5576-05c5-49f6-999b-3a0eabc1d752,rider delivery payment to pharmashell and danmed,1100,2026-01-23,D-REF 47,a11a9785-b5b9-4d7e-906c-9aa44ce9a57f,2026-01-23,approved,a11a9785-b5b9-4d7e-906c-9aa44ce9a57f
9b267ea3-5970-4160-8b82-afec7599e862,e5213fb5-4d0c-4ff5-b51f-77af154c2651,staff breakfast and lunch,7200,2026-01-24,D-REF 49,a11a9785-b5b9-4d7e-906c-9aa44ce9a57f,2026-01-24,approved,a11a9785-b5b9-4d7e-906c-9aa44ce9a57f
9b267ea3-5970-4160-8b82-afec7599e862,bc3c5576-05c5-49f6-999b-3a0eabc1d752,UBER payment to and from ECITIZEN PPB Payment,500,2026-01-24,D-REF 48,a11a9785-b5b9-4d7e-906c-9aa44ce9a57f,2026-01-24,approved,a11a9785-b5b9-4d7e-906c-9aa44ce9a57f
9b267ea3-5970-4160-8b82-afec7599e862,857e6cc6-2ac8-4cea-9342-c4b7bfad3c6e,Weekly allowance 26.01.26-30.01.26,3000,2026-01-24,Receipt Book D - PCV-D,a11a9785-b5b9-4d7e-906c-9aa44ce9a57f,2026-01-24,approved,a11a9785-b5b9-4d7e-906c-9aa44ce9a57f
9b267ea3-5970-4160-8b82-afec7599e862,857e6cc6-2ac8-4cea-9342-c4b7bfad3c6e,Weekly allowance 26.01.26-30.01.26,3000,2026-01-24,Receipt Book D - PCV-D,a11a9785-b5b9-4d7e-906c-9aa44ce9a57f,2026-01-24,approved,a11a9785-b5b9-4d7e-906c-9aa44ce9a57f
9b267ea3-5970-4160-8b82-afec7599e862,857e6cc6-2ac8-4cea-9342-c4b7bfad3c6e,Weekly allowance 26.01.26-30.01.26,17000,2026-01-24,Receipt Book D - PCV-E,a11a9785-b5b9-4d7e-906c-9aa44ce9a57f,2026-01-24,approved,a11a9785-b5b9-4d7e-906c-9aa44ce9a57f
9b267ea3-5970-4160-8b82-afec7599e862,857e6cc6-2ac8-4cea-9342-c4b7bfad3c6e,advance loan will be deducted from january salary,1500,2026-01-27,Receipt Book D - PCV-E,a11a9785-b5b9-4d7e-906c-9aa44ce9a57f,2026-01-27,approved,a11a9785-b5b9-4d7e-906c-9aa44ce9a57f
9b267ea3-5970-4160-8b82-afec7599e862,354f3fa8-c64f-4768-b9c5-bee31598dc7d,Payment for two calibarated thermometer,10000,2026-01-28,D-REF 50,a11a9785-b5b9-4d7e-906c-9aa44ce9a57f,2026-01-28,approved,a11a9785-b5b9-4d7e-906c-9aa44ce9a57f
9b267ea3-5970-4160-8b82-afec7599e862,354f3fa8-c64f-4768-b9c5-bee31598dc7d,payment for laminating pest control certificate,50,2026-01-29,D-REF 51,a11a9785-b5b9-4d7e-906c-9aa44ce9a57f,2026-01-29,approved,a11a9785-b5b9-4d7e-906c-9aa44ce9a57f
9b267ea3-5970-4160-8b82-afec7599e862,354f3fa8-c64f-4768-b9c5-bee31598dc7d,true host january payment MPESA-UATM34XXVM,975,2026-01-29,D-REF 52,a11a9785-b5b9-4d7e-906c-9aa44ce9a57f,2026-01-29,approved,a11a9785-b5b9-4d7e-906c-9aa44ce9a57f
9b267ea3-5970-4160-8b82-afec7599e862,354f3fa8-c64f-4768-b9c5-bee31598dc7d,Domain renewal payment MPESA-UATM34XOLG,1856,2026-01-29,D-REF 53,a11a9785-b5b9-4d7e-906c-9aa44ce9a57f,2026-01-29,approved,a11a9785-b5b9-4d7e-906c-9aa44ce9a57f
9b267ea3-5970-4160-8b82-afec7599e862,bc3c5576-05c5-49f6-999b-3a0eabc1d752,DELIVERY PAYMENT Pharmasell,400,2026-01-29,D-REF 54,a11a9785-b5b9-4d7e-906c-9aa44ce9a57f,2026-01-29,approved,a11a9785-b5b9-4d7e-906c-9aa44ce9a57f
9b267ea3-5970-4160-8b82-afec7599e862,56f08071-8bf4-434b-bc7c-d27dfc784eee,Medicine for chairman,2392,2026-01-30,D-REF 55,a11a9785-b5b9-4d7e-906c-9aa44ce9a57f,2026-01-30,approved,a11a9785-b5b9-4d7e-906c-9aa44ce9a57f
9b267ea3-5970-4160-8b82-afec7599e862,857e6cc6-2ac8-4cea-9342-c4b7bfad3c6e,weekly Allowance 02.02.26-05.02.26 AND FEB mob Allowance,6500,2026-01-31,Receipt Book D - PCV-E,a11a9785-b5b9-4d7e-906c-9aa44ce9a57f,2026-01-31,approved,a11a9785-b5b9-4d7e-906c-9aa44ce9a57f
9b267ea3-5970-4160-8b82-afec7599e862,857e6cc6-2ac8-4cea-9342-c4b7bfad3c6e,weekly Allowance 02.02.26-05.02.26 AND FEB mob Allowance,4000,2026-01-31,Receipt Book D - PCV-E,a11a9785-b5b9-4d7e-906c-9aa44ce9a57f,2026-01-31,approved,a11a9785-b5b9-4d7e-906c-9aa44ce9a57f
9b267ea3-5970-4160-8b82-afec7599e862,857e6cc6-2ac8-4cea-9342-c4b7bfad3c6e,weekly Allowance 02.02.26-05.02.26 AND FEB mob Allowance,4000,2026-01-31,Receipt Book D - PCV-E,a11a9785-b5b9-4d7e-906c-9aa44ce9a57f,2026-01-31,approved,a11a9785-b5b9-4d7e-906c-9aa44ce9a57f
9b267ea3-5970-4160-8b82-afec7599e862,857e6cc6-2ac8-4cea-9342-c4b7bfad3c6e,weekly Allowance 02.02.26-05.02.26 AND FEB mob Allowance,4000,2026-01-31,Receipt Book D - PCV-E,a11a9785-b5b9-4d7e-906c-9aa44ce9a57f,2026-01-31,approved,a11a9785-b5b9-4d7e-906c-9aa44ce9a57f
9b267ea3-5970-4160-8b82-afec7599e862,e5213fb5-4d0c-4ff5-b51f-77af154c2651,staff breakfast and lunch,7400,2026-01-31,D-REF 57,a11a9785-b5b9-4d7e-906c-9aa44ce9a57f,2026-01-31,approved,a11a9785-b5b9-4d7e-906c-9aa44ce9a57f
9b267ea3-5970-4160-8b82-afec7599e862,354f3fa8-c64f-4768-b9c5-bee31598dc7d,company website balance,10000,2026-02-02,D-REF 58,a11a9785-b5b9-4d7e-906c-9aa44ce9a57f,2026-02-02,approved,a11a9785-b5b9-4d7e-906c-9aa44ce9a57f
9b267ea3-5970-4160-8b82-afec7599e862,e5213fb5-4d0c-4ff5-b51f-77af154c2651,2 20l Dispenser water refill,600,2026-02-02,D-REF 59,a11a9785-b5b9-4d7e-906c-9aa44ce9a57f,2026-02-02,approved,a11a9785-b5b9-4d7e-906c-9aa44ce9a57f
9b267ea3-5970-4160-8b82-afec7599e862,354f3fa8-c64f-4768-b9c5-bee31598dc7d,DEC E-BILL PRORATA PAYMENT,2000,2026-02-03,D-REF 60,a11a9785-b5b9-4d7e-906c-9aa44ce9a57f,2026-02-03,approved,a11a9785-b5b9-4d7e-906c-9aa44ce9a57f
9b267ea3-5970-4160-8b82-afec7599e862,bc3c5576-05c5-49f6-999b-3a0eabc1d752,Rider payment to river road-Medikit medical,500,2026-02-03,D-REF 61,a11a9785-b5b9-4d7e-906c-9aa44ce9a57f,2026-02-03,approved,a11a9785-b5b9-4d7e-906c-9aa44ce9a57f
9b267ea3-5970-4160-8b82-afec7599e862,857e6cc6-2ac8-4cea-9342-c4b7bfad3c6e,feb mobile Allowance,2000,2026-02-03,Receipt Book D - PCV-E,a11a9785-b5b9-4d7e-906c-9aa44ce9a57f,2026-02-03,approved,a11a9785-b5b9-4d7e-906c-9aa44ce9a57f
9b267ea3-5970-4160-8b82-afec7599e862,857e6cc6-2ac8-4cea-9342-c4b7bfad3c6e,feb mobile Allowance,2000,2026-02-03,Receipt Book D - PCV-E,a11a9785-b5b9-4d7e-906c-9aa44ce9a57f,2026-02-03,approved,a11a9785-b5b9-4d7e-906c-9aa44ce9a57f
9b267ea3-5970-4160-8b82-afec7599e862,857e6cc6-2ac8-4cea-9342-c4b7bfad3c6e,feb mobile Allowance,1000,2026-02-03,Receipt Book D - PCV-E,a11a9785-b5b9-4d7e-906c-9aa44ce9a57f,2026-02-03,approved,a11a9785-b5b9-4d7e-906c-9aa44ce9a57f
9b267ea3-5970-4160-8b82-afec7599e862,857e6cc6-2ac8-4cea-9342-c4b7bfad3c6e,feb mobile Allowance,1000,2026-02-03,Receipt Book D - PCV-E,a11a9785-b5b9-4d7e-906c-9aa44ce9a57f,2026-02-03,approved,a11a9785-b5b9-4d7e-906c-9aa44ce9a57f
9b267ea3-5970-4160-8b82-afec7599e862,857e6cc6-2ac8-4cea-9342-c4b7bfad3c6e,feb mobile Allowance,1000,2026-02-03,Receipt Book D - PCV-E,a11a9785-b5b9-4d7e-906c-9aa44ce9a57f,2026-02-03,approved,a11a9785-b5b9-4d7e-906c-9aa44ce9a57f
9b267ea3-5970-4160-8b82-afec7599e862,857e6cc6-2ac8-4cea-9342-c4b7bfad3c6e,feb mobile Allowance,250,2026-02-03,Receipt Book D - PCV-E,a11a9785-b5b9-4d7e-906c-9aa44ce9a57f,2026-02-03,approved,a11a9785-b5b9-4d7e-906c-9aa44ce9a57f
9b267ea3-5970-4160-8b82-afec7599e862,bc3c5576-05c5-49f6-999b-3a0eabc1d752,rider payment to trimurti babadogo,700,2026-02-04,D-ref 62,a11a9785-b5b9-4d7e-906c-9aa44ce9a57f,2026-02-04,approved,a11a9785-b5b9-4d7e-906c-9aa44ce9a57f
9b267ea3-5970-4160-8b82-afec7599e862,354f3fa8-c64f-4768-b9c5-bee31598dc7d,welder payment,500,2026-02-04,D-ref 64,a11a9785-b5b9-4d7e-906c-9aa44ce9a57f,2026-02-04,approved,a11a9785-b5b9-4d7e-906c-9aa44ce9a57f
9b267ea3-5970-4160-8b82-afec7599e862,857e6cc6-2ac8-4cea-9342-c4b7bfad3c6e,weekly allowance  09.02.26-13.02.26,5000,2026-02-07,Receipt Book D - ,a11a9785-b5b9-4d7e-906c-9aa44ce9a57f,2026-02-07,approved,a11a9785-b5b9-4d7e-906c-9aa44ce9a57f
9b267ea3-5970-4160-8b82-afec7599e862,e5213fb5-4d0c-4ff5-b51f-77af154c2651,2 20l Dispenser water refill,600,2026-02-09,D-REF 73,a11a9785-b5b9-4d7e-906c-9aa44ce9a57f,2026-02-09,approved,a11a9785-b5b9-4d7e-906c-9aa44ce9a57f
9b267ea3-5970-4160-8b82-afec7599e862,354f3fa8-c64f-4768-b9c5-bee31598dc7d,Dispatch payment to pharmachoice & Lenexa pharmaceuticals,400,2026-02-09,D-REF 77,a11a9785-b5b9-4d7e-906c-9aa44ce9a57f,2026-02-09,approved,a11a9785-b5b9-4d7e-906c-9aa44ce9a57f
9b267ea3-5970-4160-8b82-afec7599e862,354f3fa8-c64f-4768-b9c5-bee31598dc7d,WIFI Payment-UBAM36236C,5000,2026-02-10,D-REF76,a11a9785-b5b9-4d7e-906c-9aa44ce9a57f,2026-02-10,approved,a11a9785-b5b9-4d7e-906c-9aa44ce9a57f
9b267ea3-5970-4160-8b82-afec7599e862,0e8f2814-ba6d-478d-aedf-6c6b8135b3c3,Housing levy payment,16920,2026-02-06,D-REF 65,a11a9785-b5b9-4d7e-906c-9aa44ce9a57f,2026-02-06,approved,a11a9785-b5b9-4d7e-906c-9aa44ce9a57f
9b267ea3-5970-4160-8b82-afec7599e862,0e8f2814-ba6d-478d-aedf-6c6b8135b3c3,NSSF payment,50160,2026-02-06,D-REF 66,a11a9785-b5b9-4d7e-906c-9aa44ce9a57f,2026-02-06,approved,a11a9785-b5b9-4d7e-906c-9aa44ce9a57f
9b267ea3-5970-4160-8b82-afec7599e862,0e8f2814-ba6d-478d-aedf-6c6b8135b3c3,SHA Payment,8417,2026-02-06,D-REF 67,a11a9785-b5b9-4d7e-906c-9aa44ce9a57f,2026-02-06,approved,a11a9785-b5b9-4d7e-906c-9aa44ce9a57f
9b267ea3-5970-4160-8b82-afec7599e862,0e8f2814-ba6d-478d-aedf-6c6b8135b3c3,PAYE PAYMENT,82157,2026-02-06,D-REF 68,a11a9785-b5b9-4d7e-906c-9aa44ce9a57f,2026-02-06,approved,a11a9785-b5b9-4d7e-906c-9aa44ce9a57f
9b267ea3-5970-4160-8b82-afec7599e862,0e8f2814-ba6d-478d-aedf-6c6b8135b3c3,NITA LEVY,500,2026-02-06,D-REF 69,a11a9785-b5b9-4d7e-906c-9aa44ce9a57f,2026-02-06,approved,a11a9785-b5b9-4d7e-906c-9aa44ce9a57f
9b267ea3-5970-4160-8b82-afec7599e862,857e6cc6-2ac8-4cea-9342-c4b7bfad3c6e,Weekly allowance 09.02.26-13.02.26 0ut station,25000,2026-02-06,Receipt Book D - PCV-E,a11a9785-b5b9-4d7e-906c-9aa44ce9a57f,2026-02-06,approved,a11a9785-b5b9-4d7e-906c-9aa44ce9a57f
9b267ea3-5970-4160-8b82-afec7599e862,857e6cc6-2ac8-4cea-9342-c4b7bfad3c6e,Weekly allowance 09.02.26-13.02.26,3000,2026-02-06,Receipt Book D - PCV-E,a11a9785-b5b9-4d7e-906c-9aa44ce9a57f,2026-02-06,approved,a11a9785-b5b9-4d7e-906c-9aa44ce9a57f
9b267ea3-5970-4160-8b82-afec7599e862,857e6cc6-2ac8-4cea-9342-c4b7bfad3c6e,Weekly allowance 09.02.26-13.02.26,10000,2026-02-06,Receipt Book D - PCV-E,a11a9785-b5b9-4d7e-906c-9aa44ce9a57f,2026-02-06,approved,a11a9785-b5b9-4d7e-906c-9aa44ce9a57f
9b267ea3-5970-4160-8b82-afec7599e862,857e6cc6-2ac8-4cea-9342-c4b7bfad3c6e,Weekly allowance 09.02.26-13.02.26  not yet,3000,2026-02-06,Receipt Book D - PCV-E,a11a9785-b5b9-4d7e-906c-9aa44ce9a57f,2026-02-06,approved,a11a9785-b5b9-4d7e-906c-9aa44ce9a57f
9b267ea3-5970-4160-8b82-afec7599e862,0e8f2814-ba6d-478d-aedf-6c6b8135b3c3,city council payment,47000,2026-01-23,Receipt Book D - ,a11a9785-b5b9-4d7e-906c-9aa44ce9a57f,2026-01-23,approved,a11a9785-b5b9-4d7e-906c-9aa44ce9a57f
9b267ea3-5970-4160-8b82-afec7599e862,23504f05-f893-4aae-a9f7-d20275cf5b4e,Mr Ravi FUEL EXPENSE FOR JAN,35000,2026-01-23,Receipt Book D - ,a11a9785-b5b9-4d7e-906c-9aa44ce9a57f,2026-01-23,approved,a11a9785-b5b9-4d7e-906c-9aa44ce9a57f
9b267ea3-5970-4160-8b82-afec7599e862,0e8f2814-ba6d-478d-aedf-6c6b8135b3c3,kcb Ecitizen,132332,2026-01-24,Receipt Book D - ,a11a9785-b5b9-4d7e-906c-9aa44ce9a57f,2026-01-24,approved,a11a9785-b5b9-4d7e-906c-9aa44ce9a57f
9b267ea3-5970-4160-8b82-afec7599e862,354f3fa8-c64f-4768-b9c5-bee31598dc7d,PPB- Renewal,40000,2026-01-26,Receipt Book D - ,a11a9785-b5b9-4d7e-906c-9aa44ce9a57f,2026-01-26,approved,a11a9785-b5b9-4d7e-906c-9aa44ce9a57f
9b267ea3-5970-4160-8b82-afec7599e862,354f3fa8-c64f-4768-b9c5-bee31598dc7d,( reduce  bill  ),60000,2026-01-28,Receipt Book D - ,a11a9785-b5b9-4d7e-906c-9aa44ce9a57f,2026-01-28,approved,a11a9785-b5b9-4d7e-906c-9aa44ce9a57f
9b267ea3-5970-4160-8b82-afec7599e862,23504f05-f893-4aae-a9f7-d20275cf5b4e,double sided tape and glue,210,2026-01-28,D-REF 56,a11a9785-b5b9-4d7e-906c-9aa44ce9a57f,2026-01-28,approved,a11a9785-b5b9-4d7e-906c-9aa44ce9a57f
9b267ea3-5970-4160-8b82-afec7599e862,354f3fa8-c64f-4768-b9c5-bee31598dc7d,Godown  funs payment,26000,2026-01-29,Receipt Book D - ,a11a9785-b5b9-4d7e-906c-9aa44ce9a57f,2026-01-29,approved,a11a9785-b5b9-4d7e-906c-9aa44ce9a57f
9b267ea3-5970-4160-8b82-afec7599e862,857e6cc6-2ac8-4cea-9342-c4b7bfad3c6e,"January Monthly salary,Asli Hassan",38400,2026-01-30,Receipt Book D - PCV-E,a11a9785-b5b9-4d7e-906c-9aa44ce9a57f,2026-01-30,approved,a11a9785-b5b9-4d7e-906c-9aa44ce9a57f
9b267ea3-5970-4160-8b82-afec7599e862,857e6cc6-2ac8-4cea-9342-c4b7bfad3c6e,"January Monthly salary,Eric Odhiambo",32250,2026-01-30,Receipt Book D - PCV-E,a11a9785-b5b9-4d7e-906c-9aa44ce9a57f,2026-01-30,approved,a11a9785-b5b9-4d7e-906c-9aa44ce9a57f
9b267ea3-5970-4160-8b82-afec7599e862,857e6cc6-2ac8-4cea-9342-c4b7bfad3c6e,"January Monthly salary,Ben Kota",20650,2026-01-30,Receipt Book D - PCV-E,a11a9785-b5b9-4d7e-906c-9aa44ce9a57f,2026-01-30,approved,a11a9785-b5b9-4d7e-906c-9aa44ce9a57f
9b267ea3-5970-4160-8b82-afec7599e862,857e6cc6-2ac8-4cea-9342-c4b7bfad3c6e,"January Monthly salary,Giden Mambili",23350,2026-01-30,Receipt Book D - PCV-E,a11a9785-b5b9-4d7e-906c-9aa44ce9a57f,2026-01-30,approved,a11a9785-b5b9-4d7e-906c-9aa44ce9a57f
9b267ea3-5970-4160-8b82-afec7599e862,857e6cc6-2ac8-4cea-9342-c4b7bfad3c6e,"January Monthly salary after deducting advance loan (10,000),Joseph Wambua",25900,2026-01-30,Receipt Book D - PCV-E,a11a9785-b5b9-4d7e-906c-9aa44ce9a57f,2026-01-30,approved,a11a9785-b5b9-4d7e-906c-9aa44ce9a57f
9b267ea3-5970-4160-8b82-afec7599e862,857e6cc6-2ac8-4cea-9342-c4b7bfad3c6e,"January Monthly salary after deducting advance loan (1500),mary sawanda",28500,2026-01-30,Receipt Book D - PCV-E,a11a9785-b5b9-4d7e-906c-9aa44ce9a57f,2026-01-30,approved,a11a9785-b5b9-4d7e-906c-9aa44ce9a57f
9b267ea3-5970-4160-8b82-afec7599e862,857e6cc6-2ac8-4cea-9342-c4b7bfad3c6e,"January Monthly salary,Richard Goligol",33400,2026-01-30,Receipt Book D - PCV-E,a11a9785-b5b9-4d7e-906c-9aa44ce9a57f,2026-01-30,approved,a11a9785-b5b9-4d7e-906c-9aa44ce9a57f
9b267ea3-5970-4160-8b82-afec7599e862,857e6cc6-2ac8-4cea-9342-c4b7bfad3c6e,"January monthly salary,Ann Mutheu",32750,2026-01-30,Receipt Book D - PCV-E,a11a9785-b5b9-4d7e-906c-9aa44ce9a57f,2026-01-30,approved,a11a9785-b5b9-4d7e-906c-9aa44ce9a57f
9b267ea3-5970-4160-8b82-afec7599e862,857e6cc6-2ac8-4cea-9342-c4b7bfad3c6e,"January monthly salary,Sarah okinda",32750,2026-01-30,Receipt Book D - PCV-E,a11a9785-b5b9-4d7e-906c-9aa44ce9a57f,2026-01-30,approved,a11a9785-b5b9-4d7e-906c-9aa44ce9a57f
9b267ea3-5970-4160-8b82-afec7599e862,857e6cc6-2ac8-4cea-9342-c4b7bfad3c6e,"January monthly salary,Ravi Chandrandran",155000,2026-01-30,Receipt Book D - PCV-E,a11a9785-b5b9-4d7e-906c-9aa44ce9a57f,2026-01-30,approved,a11a9785-b5b9-4d7e-906c-9aa44ce9a57f
9b267ea3-5970-4160-8b82-afec7599e862,857e6cc6-2ac8-4cea-9342-c4b7bfad3c6e,"January monthly salary,Titus wachira",42600,2026-01-30,Receipt Book D - PCV-E,a11a9785-b5b9-4d7e-906c-9aa44ce9a57f,2026-01-30,approved,a11a9785-b5b9-4d7e-906c-9aa44ce9a57f
9b267ea3-5970-4160-8b82-afec7599e862,16a8f5a6-7be2-4aae-81d2-3f3b06adef02,FUN FUNDI PAYMENT,13000,2026-02-02,D-REF 63,a11a9785-b5b9-4d7e-906c-9aa44ce9a57f,2026-02-02,approved,a11a9785-b5b9-4d7e-906c-9aa44ce9a57f
9b267ea3-5970-4160-8b82-afec7599e862,23504f05-f893-4aae-a9f7-d20275cf5b4e,RAVI Feb fuel expense,35000,2026-02-02,Receipt Book D - PCV-E,a11a9785-b5b9-4d7e-906c-9aa44ce9a57f,2026-02-02,approved,a11a9785-b5b9-4d7e-906c-9aa44ce9a57f
9b267ea3-5970-4160-8b82-afec7599e862,354f3fa8-c64f-4768-b9c5-bee31598dc7d,mpesa ravi,100000,2026-02-04,Receipt Book D - ,a11a9785-b5b9-4d7e-906c-9aa44ce9a57f,2026-02-04,approved,a11a9785-b5b9-4d7e-906c-9aa44ce9a57f
9b267ea3-5970-4160-8b82-afec7599e862,857e6cc6-2ac8-4cea-9342-c4b7bfad3c6e,weekly allowance top up 09.02.26-13.02.26,1000,2026-02-07,Receipt Book D - ,a11a9785-b5b9-4d7e-906c-9aa44ce9a57f,2026-02-07,approved,a11a9785-b5b9-4d7e-906c-9aa44ce9a57f
9b267ea3-5970-4160-8b82-afec7599e862,e5213fb5-4d0c-4ff5-b51f-77af154c2651,Staff breafast and lunch,7400,2026-02-07,D-REF 78,a11a9785-b5b9-4d7e-906c-9aa44ce9a57f,2026-02-07,approved,a11a9785-b5b9-4d7e-906c-9aa44ce9a57f
9b267ea3-5970-4160-8b82-afec7599e862,bc3c5576-05c5-49f6-999b-3a0eabc1d752,Rider payment to aster,1000,2026-02-07,D-REF 70,a11a9785-b5b9-4d7e-906c-9aa44ce9a57f,2026-02-07,approved,a11a9785-b5b9-4d7e-906c-9aa44ce9a57f
9b267ea3-5970-4160-8b82-afec7599e862,e5213fb5-4d0c-4ff5-b51f-77af154c2651,Coptic lunch for signing credit appraisal form,4000,2026-02-07,D-REF 71,a11a9785-b5b9-4d7e-906c-9aa44ce9a57f,2026-02-07,approved,a11a9785-b5b9-4d7e-906c-9aa44ce9a57f
9b267ea3-5970-4160-8b82-afec7599e862,354f3fa8-c64f-4768-b9c5-bee31598dc7d,OFFLOADERS,20000,2026-02-09,D-REF 72,a11a9785-b5b9-4d7e-906c-9aa44ce9a57f,2026-02-09,approved,a11a9785-b5b9-4d7e-906c-9aa44ce9a57f
9b267ea3-5970-4160-8b82-afec7599e862,bc3c5576-05c5-49f6-999b-3a0eabc1d752,Transport payment to pharmachoice eastleigh & lenexa babadogo,4000,2026-02-09,D-REF 74,a11a9785-b5b9-4d7e-906c-9aa44ce9a57f,2026-02-09,approved,a11a9785-b5b9-4d7e-906c-9aa44ce9a57f
9b267ea3-5970-4160-8b82-afec7599e862,857e6cc6-2ac8-4cea-9342-c4b7bfad3c6e,Rider payment to bibo pharmaceuticals town &advance health care,600,2026-02-09,D-REF 75,a11a9785-b5b9-4d7e-906c-9aa44ce9a57f,2026-02-09,approved,a11a9785-b5b9-4d7e-906c-9aa44ce9a57f
9b267ea3-5970-4160-8b82-afec7599e862,bc3c5576-05c5-49f6-999b-3a0eabc1d752,Rider payment to pharmasell pharmaceuticalls,650,2026-02-10,D-REF 79,a11a9785-b5b9-4d7e-906c-9aa44ce9a57f,2026-02-10,approved,a11a9785-b5b9-4d7e-906c-9aa44ce9a57f
9b267ea3-5970-4160-8b82-afec7599e862,23504f05-f893-4aae-a9f7-d20275cf5b4e,OFFICE FILES 25 PCS and transport fee,6000,2025-02-10,D-REF 80,a11a9785-b5b9-4d7e-906c-9aa44ce9a57f,2025-02-10,approved,a11a9785-b5b9-4d7e-906c-9aa44ce9a57f
9b267ea3-5970-4160-8b82-afec7599e862,bc3c5576-05c5-49f6-999b-3a0eabc1d752,"OFFLOADING PAYMENT,Giden Mambili",200,2025-02-11,D-REF 81,a11a9785-b5b9-4d7e-906c-9aa44ce9a57f,2025-02-11,approved,a11a9785-b5b9-4d7e-906c-9aa44ce9a57f
9b267ea3-5970-4160-8b82-afec7599e862,23504f05-f893-4aae-a9f7-d20275cf5b4e,deposited in nescopharm expense account,741000,2026-01-27,Receipt Book D - ,a11a9785-b5b9-4d7e-906c-9aa44ce9a57f,2026-01-27,approved,a11a9785-b5b9-4d7e-906c-9aa44ce9a57f
9b267ea3-5970-4160-8b82-afec7599e862,354f3fa8-c64f-4768-b9c5-bee31598dc7d,pest control payment bal -950- Ravi paid 10.2.26,9000,2026-01-27,Receipt Book D - ,a11a9785-b5b9-4d7e-906c-9aa44ce9a57f,2026-01-27,approved,a11a9785-b5b9-4d7e-906c-9aa44ce9a57f
9b267ea3-5970-4160-8b82-afec7599e862,354f3fa8-c64f-4768-b9c5-bee31598dc7d,Deposited kes 1000 for account activation keyan shillings,1000,2026-02-11,D-REF 81,a11a9785-b5b9-4d7e-906c-9aa44ce9a57f,2026-02-11,approved,a11a9785-b5b9-4d7e-906c-9aa44ce9a57f
9b267ea3-5970-4160-8b82-afec7599e862,bc3c5576-05c5-49f6-999b-3a0eabc1d752,TRANSPORT PAYMENT TO TRIMURTI BABADOGO,2000,2026-02-11,D-REF 82,a11a9785-b5b9-4d7e-906c-9aa44ce9a57f,2026-02-11,approved,a11a9785-b5b9-4d7e-906c-9aa44ce9a57f
9b267ea3-5970-4160-8b82-afec7599e862,354f3fa8-c64f-4768-b9c5-bee31598dc7d,Payment for 3 extra Godown funs,12000,2026-02-12,D-REF 83,a11a9785-b5b9-4d7e-906c-9aa44ce9a57f,2026-02-12,approved,a11a9785-b5b9-4d7e-906c-9aa44ce9a57f
9b267ea3-5970-4160-8b82-afec7599e862,354f3fa8-c64f-4768-b9c5-bee31598dc7d,Payment for sending orders to taala HOSPITAL,800,2026-02-12,D-REF 84,a11a9785-b5b9-4d7e-906c-9aa44ce9a57f,2026-02-12,approved,a11a9785-b5b9-4d7e-906c-9aa44ce9a57f
9b267ea3-5970-4160-8b82-afec7599e862,16a8f5a6-7be2-4aae-81d2-3f3b06adef02,FUN FIXING AND DOUBLE SWITCH SOCKET,7620,2026-02-13,D-REF 85,a11a9785-b5b9-4d7e-906c-9aa44ce9a57f,2026-02-13,approved,a11a9785-b5b9-4d7e-906c-9aa44ce9a57f
9b267ea3-5970-4160-8b82-afec7599e862,354f3fa8-c64f-4768-b9c5-bee31598dc7d,welding fun payment,700,2026-02-13,D-REF 86,a11a9785-b5b9-4d7e-906c-9aa44ce9a57f,2026-02-13,approved,a11a9785-b5b9-4d7e-906c-9aa44ce9a57f
9b267ea3-5970-4160-8b82-afec7599e862,857e6cc6-2ac8-4cea-9342-c4b7bfad3c6e,"weekly allowance 16.02.26-20.02.26 (OUT STATION),Eric Odhiambo",17000,2026-02-14,Receipt Book D - PCV-E,a11a9785-b5b9-4d7e-906c-9aa44ce9a57f,2026-02-14,approved,a11a9785-b5b9-4d7e-906c-9aa44ce9a57f
9b267ea3-5970-4160-8b82-afec7599e862,857e6cc6-2ac8-4cea-9342-c4b7bfad3c6e,"weekly allowance 16.02.26-20.02.26 (OUT STATION),Joseph Wambua",19000,2026-02-14,Receipt Book D - PCV-E,a11a9785-b5b9-4d7e-906c-9aa44ce9a57f,2026-02-14,approved,a11a9785-b5b9-4d7e-906c-9aa44ce9a57f
9b267ea3-5970-4160-8b82-afec7599e862,857e6cc6-2ac8-4cea-9342-c4b7bfad3c6e,"weekly allowance 16.02.26-20.02.26,Ann Mutheu",3000,2026-02-14,Receipt Book D - PCV-E,a11a9785-b5b9-4d7e-906c-9aa44ce9a57f,2026-02-14,approved,a11a9785-b5b9-4d7e-906c-9aa44ce9a57f
9b267ea3-5970-4160-8b82-afec7599e862,857e6cc6-2ac8-4cea-9342-c4b7bfad3c6e,"weekly allowance 16.02.26-20.02.26,Sarah Okinda",3000,2026-02-14,Receipt Book D - PCV-E,a11a9785-b5b9-4d7e-906c-9aa44ce9a57f,2026-02-14,approved,a11a9785-b5b9-4d7e-906c-9aa44ce9a57f
9b267ea3-5970-4160-8b82-afec7599e862,e5213fb5-4d0c-4ff5-b51f-77af154c2651,Staff breakfast and lunch,7400,2026-02-14,D-REF 88,a11a9785-b5b9-4d7e-906c-9aa44ce9a57f,2026-02-14,approved,a11a9785-b5b9-4d7e-906c-9aa44ce9a57f
9b267ea3-5970-4160-8b82-afec7599e862,bc3c5576-05c5-49f6-999b-3a0eabc1d752,"Rider payment to  Danmed pharmaceutical,Rafiki pharmaceutical,pharmacell",1400,2026-02-14,D-REF 87,a11a9785-b5b9-4d7e-906c-9aa44ce9a57f,2026-02-14,approved,a11a9785-b5b9-4d7e-906c-9aa44ce9a57f
9b267ea3-5970-4160-8b82-afec7599e862,bc3c5576-05c5-49f6-999b-3a0eabc1d752,Rider payment to Jerusalem pharmaceutical and Belea Pharmaceuticals,1200,2026-02-18,D-REF 89,a11a9785-b5b9-4d7e-906c-9aa44ce9a57f,2026-02-18,approved,a11a9785-b5b9-4d7e-906c-9aa44ce9a57f
9b267ea3-5970-4160-8b82-afec7599e862,23504f05-f893-4aae-a9f7-d20275cf5b4e,3 20l dispenser refill,900,2026-02-18,D-REF 91,a11a9785-b5b9-4d7e-906c-9aa44ce9a57f,2026-02-18,approved,a11a9785-b5b9-4d7e-906c-9aa44ce9a57f
9b267ea3-5970-4160-8b82-afec7599e862,354f3fa8-c64f-4768-b9c5-bee31598dc7d,ERP ICLOUD Payment,2000,2026-02-18,D-REF 92,a11a9785-b5b9-4d7e-906c-9aa44ce9a57f,2026-02-18,approved,a11a9785-b5b9-4d7e-906c-9aa44ce9a57f
9b267ea3-5970-4160-8b82-afec7599e862,354f3fa8-c64f-4768-b9c5-bee31598dc7d,"Jacaranda account opening payment,Ravi Chandran",7000,2026-02-18,D-REF 94,a11a9785-b5b9-4d7e-906c-9aa44ce9a57f,2026-02-18,approved,a11a9785-b5b9-4d7e-906c-9aa44ce9a57f
9b267ea3-5970-4160-8b82-afec7599e862,857e6cc6-2ac8-4cea-9342-c4b7bfad3c6e,"Top up allowance for ELDORET,Joseph Wambua",750,2026-02-18,Receipt Book D - ,a11a9785-b5b9-4d7e-906c-9aa44ce9a57f,2026-02-18,approved,a11a9785-b5b9-4d7e-906c-9aa44ce9a57f
9b267ea3-5970-4160-8b82-afec7599e862,bc3c5576-05c5-49f6-999b-3a0eabc1d752,Gitura chemist from muranga to Nairobi parcel Payment,300,2026-02-19,D-REF  93,a11a9785-b5b9-4d7e-906c-9aa44ce9a57f,2026-02-19,approved,a11a9785-b5b9-4d7e-906c-9aa44ce9a57f
9b267ea3-5970-4160-8b82-afec7599e862,bc3c5576-05c5-49f6-999b-3a0eabc1d752,Rider payments to northgate pharmaceuticals,500,2026-02-20,D-REF 96,a11a9785-b5b9-4d7e-906c-9aa44ce9a57f,2026-02-20,approved,a11a9785-b5b9-4d7e-906c-9aa44ce9a57f
9b267ea3-5970-4160-8b82-afec7599e862,e5213fb5-4d0c-4ff5-b51f-77af154c2651,Gelly Pharmaceutical lunch for opening account,1000,2026-02-20,D-REF 98,a11a9785-b5b9-4d7e-906c-9aa44ce9a57f,2026-02-20,approved,a11a9785-b5b9-4d7e-906c-9aa44ce9a57f
9b267ea3-5970-4160-8b82-afec7599e862,354f3fa8-c64f-4768-b9c5-bee31598dc7d,payment for purchasing victoria products UBH8Z6W48G,27200,2026-02-17,D-REF 90,a11a9785-b5b9-4d7e-906c-9aa44ce9a57f,2026-02-17,approved,a11a9785-b5b9-4d7e-906c-9aa44ce9a57f
9b267ea3-5970-4160-8b82-afec7599e862,23504f05-f893-4aae-a9f7-d20275cf5b4e,IPRESS payment for Printing credit appraisal forms UBKM3705JB,19800,2026-02-20,D-REF 95,a11a9785-b5b9-4d7e-906c-9aa44ce9a57f,2026-02-20,approved,a11a9785-b5b9-4d7e-906c-9aa44ce9a57f
9b267ea3-5970-4160-8b82-afec7599e862,354f3fa8-c64f-4768-b9c5-bee31598dc7d,NTL PAYMENT MPESA-UBK8Z76HLK NOV & DEC Payment,19488,2026-02-20,D-REF 97,a11a9785-b5b9-4d7e-906c-9aa44ce9a57f,2026-02-20,approved,a11a9785-b5b9-4d7e-906c-9aa44ce9a57f
9b267ea3-5970-4160-8b82-afec7599e862,857e6cc6-2ac8-4cea-9342-c4b7bfad3c6e,"Extention top up allowance for two days in Kitale ,weekly allowance 23.02.26-27.02.26,Erick Odhiambo",8000,2026-02-21,Receipt Book D - ,a11a9785-b5b9-4d7e-906c-9aa44ce9a57f,2026-02-21,approved,a11a9785-b5b9-4d7e-906c-9aa44ce9a57f
9b267ea3-5970-4160-8b82-afec7599e862,857e6cc6-2ac8-4cea-9342-c4b7bfad3c6e,"Weekly Allowance 23.02.26-27.02.26,Ann Mutheu",3000,2026-02-21,Receipt Book D - ,a11a9785-b5b9-4d7e-906c-9aa44ce9a57f,2026-02-21,approved,a11a9785-b5b9-4d7e-906c-9aa44ce9a57f
9b267ea3-5970-4160-8b82-afec7599e862,857e6cc6-2ac8-4cea-9342-c4b7bfad3c6e,"Weekly Allowance 23.02.26-27.02.26,Sarah Okinda",3000,2026-02-21,Receipt Book D - ,a11a9785-b5b9-4d7e-906c-9aa44ce9a57f,2026-02-21,approved,a11a9785-b5b9-4d7e-906c-9aa44ce9a57f
9b267ea3-5970-4160-8b82-afec7599e862,e5213fb5-4d0c-4ff5-b51f-77af154c2651,staff breakfast and lunch,7100,2026-02-21,Receipt Book D - ,a11a9785-b5b9-4d7e-906c-9aa44ce9a57f,2026-02-21,approved,a11a9785-b5b9-4d7e-906c-9aa44ce9a57f
9b267ea3-5970-4160-8b82-afec7599e862,857e6cc6-2ac8-4cea-9342-c4b7bfad3c6e,"Weekly Allowance 23.02.26-27.02.26,Joseph Wambua",3000,2026-02-23,Receipt Book D - ,a11a9785-b5b9-4d7e-906c-9aa44ce9a57f,2026-02-23,approved,a11a9785-b5b9-4d7e-906c-9aa44ce9a57f
9b267ea3-5970-4160-8b82-afec7599e862,bc3c5576-05c5-49f6-999b-3a0eabc1d752,Rider Payment to Salama Pharmaceuticals,500,2026-02-25,D-REF 99,a11a9785-b5b9-4d7e-906c-9aa44ce9a57f,2026-02-25,approved,a11a9785-b5b9-4d7e-906c-9aa44ce9a57f
9b267ea3-5970-4160-8b82-afec7599e862,857e6cc6-2ac8-4cea-9342-c4b7bfad3c6e,Rider Payment to Advance Healthcare,400,2026-02-26,D-REF 100,a11a9785-b5b9-4d7e-906c-9aa44ce9a57f,2026-02-26,approved,a11a9785-b5b9-4d7e-906c-9aa44ce9a57f
9b267ea3-5970-4160-8b82-afec7599e862,e5213fb5-4d0c-4ff5-b51f-77af154c2651,"Breakfast payment,Ravi chandran N",100,2026-02-26,Receipt Book D - ,a11a9785-b5b9-4d7e-906c-9aa44ce9a57f,2026-02-26,approved,a11a9785-b5b9-4d7e-906c-9aa44ce9a57f
9b267ea3-5970-4160-8b82-afec7599e862,354f3fa8-c64f-4768-b9c5-bee31598dc7d,office match box and 2 receipt books,263,2026-02-27,Receipt Book D - E-REF 1,a11a9785-b5b9-4d7e-906c-9aa44ce9a57f,2026-02-27,approved,a11a9785-b5b9-4d7e-906c-9aa44ce9a57f
9b267ea3-5970-4160-8b82-afec7599e862,857e6cc6-2ac8-4cea-9342-c4b7bfad3c6e,4PCS petty cash voucher,234,2026-02-27,Receipt Book D - E-REF 2,a11a9785-b5b9-4d7e-906c-9aa44ce9a57f,2026-02-27,approved,a11a9785-b5b9-4d7e-906c-9aa44ce9a57f
9b267ea3-5970-4160-8b82-afec7599e862,354f3fa8-c64f-4768-b9c5-bee31598dc7d,office wifi payment mpesa code-UC2M37WRW9,5000,2026-03-02,Receipt Book D - E-REF 5,a11a9785-b5b9-4d7e-906c-9aa44ce9a57f,2026-03-02,approved,a11a9785-b5b9-4d7e-906c-9aa44ce9a57f
9b267ea3-5970-4160-8b82-afec7599e862,354f3fa8-c64f-4768-b9c5-bee31598dc7d,True host domain payment,975,2026-03-02,Receipt Book D - E-REF 6,a11a9785-b5b9-4d7e-906c-9aa44ce9a57f,2026-03-02,approved,a11a9785-b5b9-4d7e-906c-9aa44ce9a57f
9b267ea3-5970-4160-8b82-afec7599e862,857e6cc6-2ac8-4cea-9342-c4b7bfad3c6e,"Eric Emergency loan to be deducted 5000 everymonth from march,ERIC Odhiambo",20000,2026-02-23,Receipt Book D - PCV-E,a11a9785-b5b9-4d7e-906c-9aa44ce9a57f,2026-02-23,approved,a11a9785-b5b9-4d7e-906c-9aa44ce9a57f
9b267ea3-5970-4160-8b82-afec7599e862,354f3fa8-c64f-4768-b9c5-bee31598dc7d,"PPB Payment,PPB CAPA",20000,2026-02-27,Receipt Book D - E-REF 3,a11a9785-b5b9-4d7e-906c-9aa44ce9a57f,2026-02-27,approved,a11a9785-b5b9-4d7e-906c-9aa44ce9a57f
9b267ea3-5970-4160-8b82-afec7599e862,857e6cc6-2ac8-4cea-9342-c4b7bfad3c6e,"February monthly salary,Ann Mutheu Francis",33850,2026-02-27,Receipt Book D - PCV-E,a11a9785-b5b9-4d7e-906c-9aa44ce9a57f,2026-02-27,approved,a11a9785-b5b9-4d7e-906c-9aa44ce9a57f
9b267ea3-5970-4160-8b82-afec7599e862,857e6cc6-2ac8-4cea-9342-c4b7bfad3c6e,"February monthly salary,Asli Hassan Osman",38400,2026-02-27,Receipt Book D - PCV-E,a11a9785-b5b9-4d7e-906c-9aa44ce9a57f,2026-02-27,approved,a11a9785-b5b9-4d7e-906c-9aa44ce9a57f
9b267ea3-5970-4160-8b82-afec7599e862,857e6cc6-2ac8-4cea-9342-c4b7bfad3c6e,"February monthly salary,Ben Kithuka Francis",20650,2026-02-27,Receipt Book D - PCV-E,a11a9785-b5b9-4d7e-906c-9aa44ce9a57f,2026-02-27,approved,a11a9785-b5b9-4d7e-906c-9aa44ce9a57f
9b267ea3-5970-4160-8b82-afec7599e862,857e6cc6-2ac8-4cea-9342-c4b7bfad3c6e,"February monthly salary,Eric Odhiambo Onyango",32250,2026-02-27,Receipt Book D - PCV-E,a11a9785-b5b9-4d7e-906c-9aa44ce9a57f,2026-02-27,approved,a11a9785-b5b9-4d7e-906c-9aa44ce9a57f
9b267ea3-5970-4160-8b82-afec7599e862,857e6cc6-2ac8-4cea-9342-c4b7bfad3c6e,"February monthly salary,Giden Mambili Inziani",23350,2026-02-27,Receipt Book D - PCV-E,a11a9785-b5b9-4d7e-906c-9aa44ce9a57f,2026-02-27,approved,a11a9785-b5b9-4d7e-906c-9aa44ce9a57f
9b267ea3-5970-4160-8b82-afec7599e862,857e6cc6-2ac8-4cea-9342-c4b7bfad3c6e,"February monthly salary,Joseph Wambua Paul",35900,2026-02-27,Receipt Book D - PCV-E,a11a9785-b5b9-4d7e-906c-9aa44ce9a57f,2026-02-27,approved,a11a9785-b5b9-4d7e-906c-9aa44ce9a57f
9b267ea3-5970-4160-8b82-afec7599e862,857e6cc6-2ac8-4cea-9342-c4b7bfad3c6e,"February monthly salary,Mary `Aluoch Sawanda",30000,2026-02-27,Receipt Book D - PCV-E,a11a9785-b5b9-4d7e-906c-9aa44ce9a57f,2026-02-27,approved,a11a9785-b5b9-4d7e-906c-9aa44ce9a57f
9b267ea3-5970-4160-8b82-afec7599e862,857e6cc6-2ac8-4cea-9342-c4b7bfad3c6e,"February monthly salary,Ravichandran Nedadur",153400,2026-02-27,Receipt Book D - PCV-E,a11a9785-b5b9-4d7e-906c-9aa44ce9a57f,2026-02-27,approved,a11a9785-b5b9-4d7e-906c-9aa44ce9a57f
9b267ea3-5970-4160-8b82-afec7599e862,857e6cc6-2ac8-4cea-9342-c4b7bfad3c6e,"February monthly salary,Richard Leisanka Goligol",35900,2026-02-27,Receipt Book D - PCV-E,a11a9785-b5b9-4d7e-906c-9aa44ce9a57f,2026-02-27,approved,a11a9785-b5b9-4d7e-906c-9aa44ce9a57f
9b267ea3-5970-4160-8b82-afec7599e862,857e6cc6-2ac8-4cea-9342-c4b7bfad3c6e,"February monthly salary,Sarah Okinda",32750,2026-02-27,Receipt Book D - PCV-E,a11a9785-b5b9-4d7e-906c-9aa44ce9a57f,2026-02-27,approved,a11a9785-b5b9-4d7e-906c-9aa44ce9a57f
9b267ea3-5970-4160-8b82-afec7599e862,857e6cc6-2ac8-4cea-9342-c4b7bfad3c6e,"february monthly salary ,Dr.Wachira",42500,2026-02-27,Receipt Book D - PCV-E,a11a9785-b5b9-4d7e-906c-9aa44ce9a57f,2026-02-27,approved,a11a9785-b5b9-4d7e-906c-9aa44ce9a57f
9b267ea3-5970-4160-8b82-afec7599e862,857e6cc6-2ac8-4cea-9342-c4b7bfad3c6e,"March FUEL and Mobile Allowance,Ravichandran nedadur",37000,2026-02-27,Receipt Book D - PCV-E,a11a9785-b5b9-4d7e-906c-9aa44ce9a57f,2026-02-27,approved,a11a9785-b5b9-4d7e-906c-9aa44ce9a57f
9b267ea3-5970-4160-8b82-afec7599e862,857e6cc6-2ac8-4cea-9342-c4b7bfad3c6e,"weekly allowance and mobile airtime allowance (02.03.26-06-03.26),Eric Odhiambo Onyango",5500,2026-02-28,Receipt Book D - PCV-E,a11a9785-b5b9-4d7e-906c-9aa44ce9a57f,2026-02-28,approved,a11a9785-b5b9-4d7e-906c-9aa44ce9a57f
9b267ea3-5970-4160-8b82-afec7599e862,857e6cc6-2ac8-4cea-9342-c4b7bfad3c6e,"weekly allowance mobile airtime allowance (02.03.26- 06.03.26),Joseph Wambua Paul",4000,2026-02-28,Receipt Book D - PCV-E,a11a9785-b5b9-4d7e-906c-9aa44ce9a57f,2026-02-28,approved,a11a9785-b5b9-4d7e-906c-9aa44ce9a57f
9b267ea3-5970-4160-8b82-afec7599e862,857e6cc6-2ac8-4cea-9342-c4b7bfad3c6e,"weekly allowance and mobile airtime allowance (02.03.26-06-03.26),Ann Mutheu Francis",4000,2026-02-28,Receipt Book D - PCV-E,a11a9785-b5b9-4d7e-906c-9aa44ce9a57f,2026-02-28,approved,a11a9785-b5b9-4d7e-906c-9aa44ce9a57f
9b267ea3-5970-4160-8b82-afec7599e862,857e6cc6-2ac8-4cea-9342-c4b7bfad3c6e,"March  mobile Allowance,Asli Hassan",2000,2026-03-03,Receipt Book D - PCV-E,a11a9785-b5b9-4d7e-906c-9aa44ce9a57f,2026-03-03,approved,a11a9785-b5b9-4d7e-906c-9aa44ce9a57f
9b267ea3-5970-4160-8b82-afec7599e862,857e6cc6-2ac8-4cea-9342-c4b7bfad3c6e,"March  mobile Allowance,Richard Goligol",1000,2026-03-03,Receipt Book D - PCV-E,a11a9785-b5b9-4d7e-906c-9aa44ce9a57f,2026-03-03,approved,a11a9785-b5b9-4d7e-906c-9aa44ce9a57f
9b267ea3-5970-4160-8b82-afec7599e862,857e6cc6-2ac8-4cea-9342-c4b7bfad3c6e,"March  mobile Allowance,Mary Sawanda",1000,2026-03-03,Receipt Book D - PCV-E,a11a9785-b5b9-4d7e-906c-9aa44ce9a57f,2026-03-03,approved,a11a9785-b5b9-4d7e-906c-9aa44ce9a57f
9b267ea3-5970-4160-8b82-afec7599e862,857e6cc6-2ac8-4cea-9342-c4b7bfad3c6e,"March  mobile Allowance,Gidenn Mambili",1000,2026-03-03,Receipt Book D - PCV-E,a11a9785-b5b9-4d7e-906c-9aa44ce9a57f,2026-03-03,approved,a11a9785-b5b9-4d7e-906c-9aa44ce9a57f
9b267ea3-5970-4160-8b82-afec7599e862,857e6cc6-2ac8-4cea-9342-c4b7bfad3c6e,"March  mobile Allowance,Ben Kota",250,2026-03-03,Receipt Book D - PCV-E,a11a9785-b5b9-4d7e-906c-9aa44ce9a57f,2026-03-03,approved,a11a9785-b5b9-4d7e-906c-9aa44ce9a57f
9b267ea3-5970-4160-8b82-afec7599e862,e5213fb5-4d0c-4ff5-b51f-77af154c2651,Staff breakfast and lunch,7100,2026-02-28,E-REF 4,a11a9785-b5b9-4d7e-906c-9aa44ce9a57f,2026-02-28,approved,a11a9785-b5b9-4d7e-906c-9aa44ce9a57f
9b267ea3-5970-4160-8b82-afec7599e862,0e8f2814-ba6d-478d-aedf-6c6b8135b3c3,Nita levy payment  mpesa code-UC28Z83ZHX,500,2026-03-02,E-REF 7,a11a9785-b5b9-4d7e-906c-9aa44ce9a57f,2026-03-02,approved,a11a9785-b5b9-4d7e-906c-9aa44ce9a57f
9b267ea3-5970-4160-8b82-afec7599e862,0e8f2814-ba6d-478d-aedf-6c6b8135b3c3,NSSF Payment mpesa code- UC28Z83YIF,54480,2026-03-02,E-REF 8,a11a9785-b5b9-4d7e-906c-9aa44ce9a57f,2026-03-02,approved,a11a9785-b5b9-4d7e-906c-9aa44ce9a57f
9b267ea3-5970-4160-8b82-afec7599e862,0e8f2814-ba6d-478d-aedf-6c6b8135b3c3,SHA payment mpesa code-UC28Z83ZTC,8417,2026-03-02,E-REF 9,a11a9785-b5b9-4d7e-906c-9aa44ce9a57f,2026-03-02,approved,a11a9785-b5b9-4d7e-906c-9aa44ce9a57f
9b267ea3-5970-4160-8b82-afec7599e862,0e8f2814-ba6d-478d-aedf-6c6b8135b3c3,PAYE Payment  UC28Z841B7,82157,2026-03-02,E-REF 10,a11a9785-b5b9-4d7e-906c-9aa44ce9a57f,2026-03-02,approved,a11a9785-b5b9-4d7e-906c-9aa44ce9a57f
9b267ea3-5970-4160-8b82-afec7599e862,0e8f2814-ba6d-478d-aedf-6c6b8135b3c3,AHL Payment UC28Z846JI,16920,2026-03-02,E-REF 11,a11a9785-b5b9-4d7e-906c-9aa44ce9a57f,2026-03-02,approved,a11a9785-b5b9-4d7e-906c-9aa44ce9a57f
9b267ea3-5970-4160-8b82-afec7599e862,857e6cc6-2ac8-4cea-9342-c4b7bfad3c6e,"Ravichandran Loan,Ravichandran N",5000,2026-03-04,Receipt Book E - PCV-E,a11a9785-b5b9-4d7e-906c-9aa44ce9a57f,2026-03-04,approved,a11a9785-b5b9-4d7e-906c-9aa44ce9a57f
9b267ea3-5970-4160-8b82-afec7599e862,bc3c5576-05c5-49f6-999b-3a0eabc1d752,Rider Payment to bilova Pharmaceutical,500,2026-03-04,E-REF 13,a11a9785-b5b9-4d7e-906c-9aa44ce9a57f,2026-03-04,approved,a11a9785-b5b9-4d7e-906c-9aa44ce9a57f
9b267ea3-5970-4160-8b82-afec7599e862,bc3c5576-05c5-49f6-999b-3a0eabc1d752,Rider Payment to Joska   Bahati Pharmaceutical,500,2026-03-04,E-REF 14,a11a9785-b5b9-4d7e-906c-9aa44ce9a57f,2026-03-04,approved,a11a9785-b5b9-4d7e-906c-9aa44ce9a57f
9b267ea3-5970-4160-8b82-afec7599e862,354f3fa8-c64f-4768-b9c5-bee31598dc7d,PPB Payment,20000,2026-02-27,E-REF 3,a11a9785-b5b9-4d7e-906c-9aa44ce9a57f,2026-02-27,approved,a11a9785-b5b9-4d7e-906c-9aa44ce9a57f
9b267ea3-5970-4160-8b82-afec7599e862,354f3fa8-c64f-4768-b9c5-bee31598dc7d,office match box and 2 receipt books,263,2026-02-27,E-REF 1,a11a9785-b5b9-4d7e-906c-9aa44ce9a57f,2026-02-27,approved,a11a9785-b5b9-4d7e-906c-9aa44ce9a57f
9b267ea3-5970-4160-8b82-afec7599e862,857e6cc6-2ac8-4cea-9342-c4b7bfad3c6e,4PCS petty cash voucher,234,2026-02-27,E-REF 2,a11a9785-b5b9-4d7e-906c-9aa44ce9a57f,2026-02-27,approved,a11a9785-b5b9-4d7e-906c-9aa44ce9a57f
9b267ea3-5970-4160-8b82-afec7599e862,354f3fa8-c64f-4768-b9c5-bee31598dc7d,office wifi payment mpesa code-UC2M37WRW9,5000,2026-03-02,E-REF 5,a11a9785-b5b9-4d7e-906c-9aa44ce9a57f,2026-03-02,approved,a11a9785-b5b9-4d7e-906c-9aa44ce9a57f
9b267ea3-5970-4160-8b82-afec7599e862,354f3fa8-c64f-4768-b9c5-bee31598dc7d,True host domain payment,975,2026-03-02,E-REF 6,a11a9785-b5b9-4d7e-906c-9aa44ce9a57f,2026-03-02,approved,a11a9785-b5b9-4d7e-906c-9aa44ce9a57f
9b267ea3-5970-4160-8b82-afec7599e862,e5213fb5-4d0c-4ff5-b51f-77af154c2651,Reale hosptital  procurement lunch for account opening,5000,2026-03-05,E-REF 12,a11a9785-b5b9-4d7e-906c-9aa44ce9a57f,2026-03-05,approved,a11a9785-b5b9-4d7e-906c-9aa44ce9a57f
9b267ea3-5970-4160-8b82-afec7599e862,bc3c5576-05c5-49f6-999b-3a0eabc1d752,Rider Delivery payment to Curespan,500,2026-03-05,E-Ref 15,a11a9785-b5b9-4d7e-906c-9aa44ce9a57f,2026-03-05,approved,a11a9785-b5b9-4d7e-906c-9aa44ce9a57f
9b267ea3-5970-4160-8b82-afec7599e862,bc3c5576-05c5-49f6-999b-3a0eabc1d752,Rider payment to Trimurti Pharmaceuticals,700,2026-03-05,E-REF 16,a11a9785-b5b9-4d7e-906c-9aa44ce9a57f,2026-03-05,approved,a11a9785-b5b9-4d7e-906c-9aa44ce9a57f
